Tourist_ID,Country_Visited,City_Visited,Mode_of_Travel,Travel_Duration_Days,Number_of_Companions,Total_Travel_Cost,Accommodation_Type,Main_Purpose,Season_of_Visit,Cost_Per_Day,Trip_Category
1,Germany,Hamburg,Flight,8,4,1060,Hotel,Family Visit,Summer,132.5,Medium Trip (6-10 days)
2,Germany,Berlin,Car,16,3,3972,Hostel,Family Visit,Winter,248.25,Long Trip (>10 days)
3,UK,Manchester,Bicycle,8,2,666,Camping,Business,Winter,83.25,Medium Trip (6-10 days)
4,Greece,Thessaloniki,Bicycle,12,3,3644,Hotel,Business,Summer,303.6666666666667,Long Trip (>10 days)
5,Greece,Thessaloniki,Flight,5,3,1885,Airbnb,Leisure,Spring,377.0,Short Trip (≤5 days)
6,Greece,Athens,Bicycle,3,4,2633,Hostel,Family Visit,Summer,877.6666666666666,Short Trip (≤5 days)
7,Portugal,Lisbon,Bus,2,4,3585,Hostel,Leisure,Winter,1792.5,Short Trip (≤5 days)
8,Greece,Athens,Train,13,1,674,Camping,Leisure,Winter,51.84615384615385,Long Trip (>10 days)
9,Portugal,Faro,Bus,11,4,2947,Camping,Leisure,Winter,267.90909090909093,Long Trip (>10 days)
10,UK,Manchester,Flight,17,3,2099,Hostel,Business,Summer,123.47058823529412,Long Trip (>10 days)
11,Portugal,Lisbon,Flight,4,5,4090,Hostel,Business,Summer,1022.5,Short Trip (≤5 days)
12,Greece,Athens,Flight,8,5,3088,Airbnb,Family Visit,Spring,386.0,Medium Trip (6-10 days)
13,Spain,Madrid,Car,8,2,2635,Hostel,Business,Summer,329.375,Medium Trip (6-10 days)
14,Austria,Salzburg,Bus,15,2,2241,Camping,Business,Summer,149.4,Long Trip (>10 days)
15,Germany,Berlin,Train,10,2,2812,Hostel,Family Visit,Winter,281.2,Medium Trip (6-10 days)
16,Portugal,Lisbon,Flight,3,4,1678,Hotel,Business,Fall,559.3333333333334,Short Trip (≤5 days)
17,UK,London,Train,13,5,975,Airbnb,Business,Spring,75.0,Long Trip (>10 days)
18,Italy,Rome,Train,16,3,3352,Airbnb,Business,Summer,209.5,Long Trip (>10 days)
19,Netherlands,Utrecht,Train,5,2,4143,Camping,Business,Spring,828.6,Short Trip (≤5 days)
20,France,Paris,Bus,5,2,1221,Hotel,Leisure,Spring,244.2,Short Trip (≤5 days)
21,Switzerland,Lucerne,Car,7,2,4043,Hotel,Family Visit,Spring,577.5714285714286,Medium Trip (6-10 days)
22,Portugal,Porto,Train,19,2,361,Hostel,Leisure,Fall,19.0,Long Trip (>10 days)
23,Germany,Hamburg,Bus,11,4,3542,Airbnb,Leisure,Summer,322.0,Long Trip (>10 days)
24,Italy,Rome,Train,9,4,1216,Hostel,Family Visit,Fall,135.11111111111111,Medium Trip (6-10 days)
25,Greece,Athens,Bicycle,9,5,537,Airbnb,Business,Winter,59.666666666666664,Medium Trip (6-10 days)
26,France,Lyon,Flight,16,5,4193,Hostel,Family Visit,Winter,262.0625,Long Trip (>10 days)
27,Greece,Athens,Train,14,1,2262,Airbnb,Business,Summer,161.57142857142858,Long Trip (>10 days)
28,UK,Edinburgh,Bus,14,1,2768,Hostel,Leisure,Spring,197.71428571428572,Long Trip (>10 days)
29,UK,London,Bicycle,2,4,2895,Hostel,Leisure,Summer,1447.5,Short Trip (≤5 days)
30,Germany,Berlin,Car,12,3,591,Hotel,Leisure,Spring,49.25,Long Trip (>10 days)
31,Netherlands,Utrecht,Flight,4,3,4674,Hostel,Family Visit,Fall,1168.5,Short Trip (≤5 days)
32,Spain,Seville,Bicycle,6,2,2478,Hostel,Leisure,Summer,413.0,Medium Trip (6-10 days)
33,Spain,Seville,Train,10,4,400,Airbnb,Family Visit,Spring,40.0,Medium Trip (6-10 days)
34,Portugal,Faro,Bus,9,4,3304,Hotel,Business,Summer,367.1111111111111,Medium Trip (6-10 days)
35,Netherlands,Rotterdam,Flight,17,5,2931,Airbnb,Business,Spring,172.41176470588235,Long Trip (>10 days)
36,Austria,Vienna,Flight,9,3,1770,Hostel,Leisure,Summer,196.66666666666666,Medium Trip (6-10 days)
37,Greece,Santorini,Car,2,3,2890,Hostel,Business,Spring,1445.0,Short Trip (≤5 days)
38,Austria,Innsbruck,Car,2,5,702,Airbnb,Business,Summer,351.0,Short Trip (≤5 days)
39,Austria,Innsbruck,Bicycle,15,3,4688,Hotel,Family Visit,Winter,312.53333333333336,Long Trip (>10 days)
40,Portugal,Faro,Train,16,2,1684,Airbnb,Leisure,Summer,105.25,Long Trip (>10 days)
41,Portugal,Faro,Car,20,1,763,Hotel,Family Visit,Fall,38.15,Long Trip (>10 days)
42,Portugal,Lisbon,Bicycle,5,5,1878,Airbnb,Family Visit,Summer,375.6,Short Trip (≤5 days)
43,Spain,Seville,Car,12,5,1259,Hotel,Business,Spring,104.91666666666667,Long Trip (>10 days)
44,Austria,Salzburg,Bicycle,14,3,3514,Airbnb,Leisure,Winter,251.0,Long Trip (>10 days)
45,Greece,Athens,Train,3,2,1797,Hostel,Business,Winter,599.0,Short Trip (≤5 days)
46,UK,Manchester,Bus,7,4,3827,Airbnb,Leisure,Summer,546.7142857142857,Medium Trip (6-10 days)
47,Netherlands,Utrecht,Bus,12,2,2238,Airbnb,Business,Summer,186.5,Long Trip (>10 days)
48,Portugal,Porto,Bicycle,8,1,1506,Airbnb,Leisure,Summer,188.25,Medium Trip (6-10 days)
49,Portugal,Lisbon,Bicycle,14,1,1482,Hotel,Business,Spring,105.85714285714286,Long Trip (>10 days)
50,Italy,Rome,Flight,8,3,4944,Hostel,Leisure,Winter,618.0,Medium Trip (6-10 days)
51,France,Lyon,Car,6,1,4979,Camping,Leisure,Fall,829.8333333333334,Medium Trip (6-10 days)
52,France,Lyon,Flight,16,3,3645,Hostel,Business,Fall,227.8125,Long Trip (>10 days)
53,Spain,Barcelona,Car,10,4,2053,Camping,Family Visit,Winter,205.3,Medium Trip (6-10 days)
54,Portugal,Lisbon,Train,18,2,4859,Camping,Leisure,Fall,269.94444444444446,Long Trip (>10 days)
55,France,Lyon,Bicycle,13,2,1836,Airbnb,Business,Fall,141.23076923076923,Long Trip (>10 days)
56,Germany,Hamburg,Train,18,1,898,Camping,Family Visit,Fall,49.888888888888886,Long Trip (>10 days)
57,France,Paris,Flight,18,2,4937,Airbnb,Business,Spring,274.27777777777777,Long Trip (>10 days)
58,Austria,Vienna,Bus,6,1,3674,Airbnb,Business,Spring,612.3333333333334,Medium Trip (6-10 days)
59,Austria,Vienna,Bicycle,3,5,1907,Camping,Business,Spring,635.6666666666666,Short Trip (≤5 days)
60,Switzerland,Zurich,Bicycle,7,4,3710,Hostel,Leisure,Fall,530.0,Medium Trip (6-10 days)
61,Germany,Hamburg,Bus,12,3,4696,Camping,Business,Winter,391.3333333333333,Long Trip (>10 days)
62,France,Nice,Bicycle,7,5,3131,Hotel,Family Visit,Winter,447.2857142857143,Medium Trip (6-10 days)
63,Switzerland,Geneva,Bicycle,3,3,3782,Hostel,Family Visit,Winter,1260.6666666666667,Short Trip (≤5 days)
64,Switzerland,Lucerne,Car,17,1,3472,Hostel,Leisure,Spring,204.23529411764707,Long Trip (>10 days)
65,Switzerland,Zurich,Bus,7,5,1994,Camping,Family Visit,Summer,284.85714285714283,Medium Trip (6-10 days)
66,Switzerland,Geneva,Bicycle,5,3,1569,Airbnb,Leisure,Winter,313.8,Short Trip (≤5 days)
67,Switzerland,Lucerne,Car,4,3,3419,Hotel,Family Visit,Winter,854.75,Short Trip (≤5 days)
68,Portugal,Faro,Flight,8,4,688,Camping,Business,Winter,86.0,Medium Trip (6-10 days)
69,UK,Manchester,Train,2,2,3119,Hotel,Leisure,Winter,1559.5,Short Trip (≤5 days)
70,Netherlands,Amsterdam,Bicycle,2,3,4261,Hotel,Business,Fall,2130.5,Short Trip (≤5 days)
71,France,Paris,Car,11,3,462,Hotel,Leisure,Spring,42.0,Long Trip (>10 days)
72,Austria,Vienna,Train,17,2,823,Camping,Family Visit,Fall,48.411764705882355,Long Trip (>10 days)
73,Italy,Rome,Flight,18,2,3923,Airbnb,Leisure,Winter,217.94444444444446,Long Trip (>10 days)
74,Netherlands,Amsterdam,Bicycle,6,5,4290,Hostel,Leisure,Winter,715.0,Medium Trip (6-10 days)
75,Spain,Seville,Bicycle,10,1,3370,Hostel,Family Visit,Fall,337.0,Medium Trip (6-10 days)
76,UK,Manchester,Car,20,3,4699,Hotel,Family Visit,Winter,234.95,Long Trip (>10 days)
77,Germany,Hamburg,Train,2,4,4882,Camping,Family Visit,Fall,2441.0,Short Trip (≤5 days)
78,Spain,Barcelona,Bus,18,4,1645,Hotel,Business,Winter,91.38888888888889,Long Trip (>10 days)
79,France,Paris,Train,9,4,453,Hotel,Leisure,Winter,50.333333333333336,Medium Trip (6-10 days)
80,Germany,Hamburg,Train,4,1,298,Hostel,Business,Winter,74.5,Short Trip (≤5 days)
81,Germany,Hamburg,Bicycle,19,2,3977,Airbnb,Family Visit,Winter,209.31578947368422,Long Trip (>10 days)
82,Portugal,Porto,Flight,4,5,4267,Airbnb,Family Visit,Fall,1066.75,Short Trip (≤5 days)
83,UK,Edinburgh,Flight,2,4,4693,Hostel,Family Visit,Spring,2346.5,Short Trip (≤5 days)
84,Germany,Hamburg,Car,17,4,1727,Airbnb,Leisure,Spring,101.58823529411765,Long Trip (>10 days)
85,Switzerland,Lucerne,Bicycle,9,3,4696,Airbnb,Family Visit,Fall,521.7777777777778,Medium Trip (6-10 days)
86,Germany,Berlin,Bicycle,2,4,1154,Hostel,Business,Winter,577.0,Short Trip (≤5 days)
87,Switzerland,Zurich,Train,20,5,762,Hostel,Business,Fall,38.1,Long Trip (>10 days)
88,Italy,Rome,Flight,9,3,425,Hostel,Business,Winter,47.22222222222222,Medium Trip (6-10 days)
89,Netherlands,Amsterdam,Bus,2,4,1159,Airbnb,Business,Winter,579.5,Short Trip (≤5 days)
90,Spain,Seville,Bus,2,5,3267,Hotel,Business,Winter,1633.5,Short Trip (≤5 days)
91,Switzerland,Zurich,Car,17,3,4842,Airbnb,Family Visit,Summer,284.8235294117647,Long Trip (>10 days)
92,Switzerland,Geneva,Flight,18,1,1443,Airbnb,Business,Fall,80.16666666666667,Long Trip (>10 days)
93,Austria,Innsbruck,Bicycle,15,5,2765,Airbnb,Family Visit,Spring,184.33333333333334,Long Trip (>10 days)
94,Greece,Santorini,Flight,4,4,1260,Hotel,Business,Fall,315.0,Short Trip (≤5 days)
95,Portugal,Faro,Car,18,5,806,Airbnb,Family Visit,Spring,44.77777777777778,Long Trip (>10 days)
96,France,Lyon,Train,4,4,1339,Hostel,Family Visit,Spring,334.75,Short Trip (≤5 days)
97,Germany,Berlin,Car,2,3,327,Hostel,Family Visit,Fall,163.5,Short Trip (≤5 days)
98,Portugal,Porto,Flight,19,1,769,Airbnb,Business,Fall,40.473684210526315,Long Trip (>10 days)
99,Italy,Rome,Flight,4,2,4214,Airbnb,Leisure,Spring,1053.5,Short Trip (≤5 days)
100,UK,Manchester,Bicycle,3,3,2737,Hotel,Leisure,Winter,912.3333333333334,Short Trip (≤5 days)
101,Greece,Thessaloniki,Bicycle,3,2,984,Hotel,Leisure,Fall,328.0,Short Trip (≤5 days)
102,Spain,Barcelona,Train,9,1,4541,Hostel,Leisure,Spring,504.55555555555554,Medium Trip (6-10 days)
103,Germany,Berlin,Bus,17,5,3006,Airbnb,Family Visit,Fall,176.8235294117647,Long Trip (>10 days)
104,Italy,Venice,Bicycle,4,2,2655,Hotel,Business,Winter,663.75,Short Trip (≤5 days)
105,Portugal,Porto,Flight,14,4,3150,Camping,Business,Winter,225.0,Long Trip (>10 days)
106,Germany,Berlin,Bicycle,5,5,4315,Airbnb,Business,Winter,863.0,Short Trip (≤5 days)
107,Greece,Athens,Bus,2,4,1366,Hotel,Business,Fall,683.0,Short Trip (≤5 days)
108,Italy,Milan,Flight,3,2,2974,Hostel,Leisure,Winter,991.3333333333334,Short Trip (≤5 days)
109,Netherlands,Amsterdam,Car,20,1,3969,Camping,Leisure,Summer,198.45,Long Trip (>10 days)
110,Italy,Venice,Bicycle,18,4,4977,Camping,Family Visit,Summer,276.5,Long Trip (>10 days)
111,Switzerland,Zurich,Car,7,3,2691,Airbnb,Family Visit,Winter,384.42857142857144,Medium Trip (6-10 days)
112,France,Paris,Flight,6,1,3324,Hotel,Leisure,Summer,554.0,Medium Trip (6-10 days)
113,Greece,Santorini,Bicycle,13,4,204,Hotel,Family Visit,Summer,15.692307692307692,Long Trip (>10 days)
114,France,Lyon,Flight,8,4,1076,Camping,Business,Fall,134.5,Medium Trip (6-10 days)
115,UK,Manchester,Bus,16,3,4564,Airbnb,Family Visit,Winter,285.25,Long Trip (>10 days)
116,Portugal,Faro,Flight,19,4,1893,Hotel,Business,Spring,99.63157894736842,Long Trip (>10 days)
117,Greece,Thessaloniki,Bicycle,20,1,319,Airbnb,Leisure,Summer,15.95,Long Trip (>10 days)
118,Spain,Madrid,Bicycle,20,4,1569,Hotel,Family Visit,Winter,78.45,Long Trip (>10 days)
119,Germany,Munich,Bus,6,2,316,Airbnb,Family Visit,Summer,52.666666666666664,Medium Trip (6-10 days)
120,Greece,Athens,Train,10,4,1212,Camping,Family Visit,Fall,121.2,Medium Trip (6-10 days)
121,Germany,Berlin,Car,2,2,4929,Airbnb,Business,Summer,2464.5,Short Trip (≤5 days)
122,Italy,Venice,Flight,2,2,759,Hotel,Leisure,Fall,379.5,Short Trip (≤5 days)
123,Switzerland,Zurich,Bicycle,9,5,3543,Hotel,Leisure,Spring,393.6666666666667,Medium Trip (6-10 days)
124,Portugal,Faro,Flight,8,5,2494,Camping,Business,Summer,311.75,Medium Trip (6-10 days)
125,Greece,Thessaloniki,Flight,4,4,4449,Camping,Family Visit,Winter,1112.25,Short Trip (≤5 days)
126,Germany,Munich,Flight,17,3,2944,Airbnb,Business,Summer,173.1764705882353,Long Trip (>10 days)
127,Spain,Madrid,Bicycle,15,4,3318,Camping,Leisure,Summer,221.2,Long Trip (>10 days)
128,Netherlands,Rotterdam,Train,18,4,4748,Hostel,Leisure,Summer,263.77777777777777,Long Trip (>10 days)
129,Germany,Berlin,Train,13,2,2679,Hostel,Family Visit,Spring,206.07692307692307,Long Trip (>10 days)
130,UK,London,Bicycle,8,4,1957,Hotel,Family Visit,Winter,244.625,Medium Trip (6-10 days)
131,Portugal,Porto,Bus,6,2,3049,Hotel,Business,Spring,508.1666666666667,Medium Trip (6-10 days)
132,Greece,Athens,Flight,11,2,3930,Hostel,Family Visit,Fall,357.27272727272725,Long Trip (>10 days)
133,Greece,Thessaloniki,Bicycle,2,5,4811,Hotel,Business,Summer,2405.5,Short Trip (≤5 days)
134,Portugal,Lisbon,Flight,17,2,4792,Hostel,Business,Fall,281.88235294117646,Long Trip (>10 days)
135,Portugal,Porto,Car,13,2,3946,Airbnb,Leisure,Summer,303.53846153846155,Long Trip (>10 days)
136,Switzerland,Zurich,Train,2,1,2938,Camping,Family Visit,Spring,1469.0,Short Trip (≤5 days)
137,Portugal,Porto,Car,12,5,4113,Hostel,Business,Winter,342.75,Long Trip (>10 days)
138,Switzerland,Lucerne,Bicycle,12,4,4580,Camping,Business,Spring,381.6666666666667,Long Trip (>10 days)
139,Spain,Seville,Bicycle,14,4,3573,Camping,Family Visit,Fall,255.21428571428572,Long Trip (>10 days)
140,Germany,Hamburg,Bicycle,3,5,2746,Camping,Family Visit,Summer,915.3333333333334,Short Trip (≤5 days)
141,Netherlands,Amsterdam,Bicycle,19,3,2974,Airbnb,Business,Winter,156.52631578947367,Long Trip (>10 days)
142,Portugal,Lisbon,Bicycle,18,2,975,Hostel,Business,Summer,54.166666666666664,Long Trip (>10 days)
143,Switzerland,Zurich,Bicycle,11,2,3269,Camping,Family Visit,Spring,297.1818181818182,Long Trip (>10 days)
144,UK,Edinburgh,Flight,3,3,816,Hostel,Family Visit,Summer,272.0,Short Trip (≤5 days)
145,Greece,Thessaloniki,Bus,8,4,1025,Hotel,Family Visit,Winter,128.125,Medium Trip (6-10 days)
146,Portugal,Lisbon,Train,19,5,3346,Hostel,Family Visit,Winter,176.10526315789474,Long Trip (>10 days)
147,Switzerland,Zurich,Bicycle,5,1,3548,Airbnb,Leisure,Summer,709.6,Short Trip (≤5 days)
148,Switzerland,Lucerne,Train,5,2,2704,Camping,Family Visit,Winter,540.8,Short Trip (≤5 days)
149,Portugal,Porto,Car,4,1,1322,Airbnb,Family Visit,Spring,330.5,Short Trip (≤5 days)
150,Spain,Seville,Bus,17,4,2343,Camping,Family Visit,Winter,137.8235294117647,Long Trip (>10 days)
151,Austria,Innsbruck,Car,6,4,3640,Camping,Business,Summer,606.6666666666666,Medium Trip (6-10 days)
152,UK,London,Flight,14,1,3114,Hotel,Business,Fall,222.42857142857142,Long Trip (>10 days)
153,UK,London,Bicycle,10,1,4152,Hostel,Leisure,Spring,415.2,Medium Trip (6-10 days)
154,Greece,Thessaloniki,Car,17,1,1565,Hostel,Business,Spring,92.05882352941177,Long Trip (>10 days)
155,UK,Edinburgh,Train,14,3,595,Hostel,Business,Summer,42.5,Long Trip (>10 days)
156,France,Paris,Bicycle,10,3,4371,Hostel,Family Visit,Summer,437.1,Medium Trip (6-10 days)
157,Switzerland,Geneva,Flight,10,4,917,Hotel,Family Visit,Fall,91.7,Medium Trip (6-10 days)
158,Greece,Santorini,Car,20,2,343,Camping,Leisure,Summer,17.15,Long Trip (>10 days)
159,Greece,Athens,Flight,6,3,4691,Hostel,Family Visit,Winter,781.8333333333334,Medium Trip (6-10 days)
160,Switzerland,Geneva,Car,5,5,3422,Hotel,Business,Fall,684.4,Short Trip (≤5 days)
161,Spain,Barcelona,Bus,17,1,1262,Hostel,Leisure,Spring,74.23529411764706,Long Trip (>10 days)
162,Germany,Hamburg,Train,14,5,3182,Airbnb,Leisure,Spring,227.28571428571428,Long Trip (>10 days)
163,Greece,Thessaloniki,Car,15,2,1356,Airbnb,Family Visit,Summer,90.4,Long Trip (>10 days)
164,UK,Manchester,Car,4,5,4530,Camping,Leisure,Winter,1132.5,Short Trip (≤5 days)
165,Austria,Salzburg,Bicycle,12,2,1153,Hotel,Leisure,Fall,96.08333333333333,Long Trip (>10 days)
166,Portugal,Porto,Train,13,1,3524,Hotel,Family Visit,Fall,271.0769230769231,Long Trip (>10 days)
167,Italy,Venice,Flight,7,5,1391,Hotel,Business,Fall,198.71428571428572,Medium Trip (6-10 days)
168,UK,Manchester,Bicycle,11,1,3193,Hostel,Family Visit,Summer,290.27272727272725,Long Trip (>10 days)
169,Netherlands,Amsterdam,Bicycle,3,5,3436,Hostel,Leisure,Fall,1145.3333333333333,Short Trip (≤5 days)
170,Austria,Vienna,Bicycle,7,3,3919,Hostel,Leisure,Fall,559.8571428571429,Medium Trip (6-10 days)
171,Italy,Rome,Bus,17,5,2056,Hostel,Family Visit,Winter,120.94117647058823,Long Trip (>10 days)
172,Austria,Innsbruck,Bicycle,18,1,1524,Hotel,Family Visit,Fall,84.66666666666667,Long Trip (>10 days)
173,Portugal,Porto,Bicycle,5,4,3341,Hostel,Business,Summer,668.2,Short Trip (≤5 days)
174,Italy,Venice,Bus,20,5,3123,Hotel,Business,Spring,156.15,Long Trip (>10 days)
175,Netherlands,Rotterdam,Flight,8,3,913,Camping,Family Visit,Summer,114.125,Medium Trip (6-10 days)
176,France,Paris,Flight,20,3,4468,Hotel,Family Visit,Spring,223.4,Long Trip (>10 days)
177,Austria,Innsbruck,Train,14,2,1443,Camping,Family Visit,Summer,103.07142857142857,Long Trip (>10 days)
178,Germany,Munich,Flight,9,5,1094,Camping,Family Visit,Fall,121.55555555555556,Medium Trip (6-10 days)
179,Portugal,Porto,Train,10,1,2196,Airbnb,Leisure,Spring,219.6,Medium Trip (6-10 days)
180,Austria,Salzburg,Bus,18,1,1023,Camping,Family Visit,Spring,56.833333333333336,Long Trip (>10 days)
181,Portugal,Faro,Flight,2,5,333,Hotel,Business,Summer,166.5,Short Trip (≤5 days)
182,Switzerland,Geneva,Train,13,5,2052,Hotel,Business,Spring,157.84615384615384,Long Trip (>10 days)
183,France,Nice,Car,16,5,4375,Airbnb,Business,Winter,273.4375,Long Trip (>10 days)
184,UK,Manchester,Car,12,4,1450,Hostel,Family Visit,Winter,120.83333333333333,Long Trip (>10 days)
185,France,Lyon,Bus,20,4,3712,Hostel,Family Visit,Spring,185.6,Long Trip (>10 days)
186,UK,London,Train,19,1,3576,Hostel,Family Visit,Winter,188.21052631578948,Long Trip (>10 days)
187,Portugal,Faro,Bus,15,1,1596,Airbnb,Family Visit,Summer,106.4,Long Trip (>10 days)
188,Spain,Barcelona,Flight,4,1,1553,Airbnb,Family Visit,Winter,388.25,Short Trip (≤5 days)
189,Portugal,Lisbon,Flight,17,4,867,Hotel,Leisure,Spring,51.0,Long Trip (>10 days)
190,UK,Edinburgh,Train,9,2,4385,Airbnb,Leisure,Fall,487.22222222222223,Medium Trip (6-10 days)
191,Germany,Berlin,Car,9,2,739,Camping,Leisure,Summer,82.11111111111111,Medium Trip (6-10 days)
192,Netherlands,Rotterdam,Bus,6,1,3975,Airbnb,Leisure,Summer,662.5,Medium Trip (6-10 days)
193,Switzerland,Lucerne,Bus,18,1,2708,Airbnb,Business,Winter,150.44444444444446,Long Trip (>10 days)
194,UK,London,Flight,17,5,3156,Hostel,Leisure,Winter,185.64705882352942,Long Trip (>10 days)
195,Austria,Vienna,Train,15,3,3524,Camping,Family Visit,Spring,234.93333333333334,Long Trip (>10 days)
196,UK,Manchester,Flight,7,2,455,Airbnb,Business,Fall,65.0,Medium Trip (6-10 days)
197,Netherlands,Utrecht,Bus,6,1,209,Camping,Family Visit,Winter,34.833333333333336,Medium Trip (6-10 days)
198,Germany,Berlin,Car,19,3,1215,Airbnb,Leisure,Summer,63.94736842105263,Long Trip (>10 days)
199,Greece,Thessaloniki,Bicycle,2,1,2393,Hotel,Family Visit,Spring,1196.5,Short Trip (≤5 days)
200,France,Lyon,Bus,16,1,4358,Airbnb,Business,Fall,272.375,Long Trip (>10 days)
201,France,Nice,Bicycle,18,5,4200,Hotel,Family Visit,Spring,233.33333333333334,Long Trip (>10 days)
202,Spain,Madrid,Flight,3,1,710,Hostel,Family Visit,Spring,236.66666666666666,Short Trip (≤5 days)
203,Germany,Berlin,Train,2,5,4813,Hostel,Leisure,Spring,2406.5,Short Trip (≤5 days)
204,Germany,Hamburg,Bus,18,5,1868,Airbnb,Leisure,Summer,103.77777777777777,Long Trip (>10 days)
205,Germany,Munich,Car,7,3,1660,Hostel,Family Visit,Winter,237.14285714285714,Medium Trip (6-10 days)
206,Switzerland,Geneva,Train,6,5,2924,Airbnb,Leisure,Fall,487.3333333333333,Medium Trip (6-10 days)
207,Italy,Milan,Train,11,2,4378,Airbnb,Business,Spring,398.0,Long Trip (>10 days)
208,UK,Edinburgh,Train,18,5,2248,Hostel,Business,Summer,124.88888888888889,Long Trip (>10 days)
209,Austria,Salzburg,Bicycle,20,5,916,Hotel,Business,Summer,45.8,Long Trip (>10 days)
210,Portugal,Lisbon,Flight,5,1,4783,Hostel,Leisure,Winter,956.6,Short Trip (≤5 days)
211,Greece,Thessaloniki,Bicycle,3,4,1774,Airbnb,Leisure,Summer,591.3333333333334,Short Trip (≤5 days)
212,Italy,Rome,Car,3,3,4162,Hotel,Leisure,Fall,1387.3333333333333,Short Trip (≤5 days)
213,Portugal,Lisbon,Bus,19,4,2184,Hotel,Business,Winter,114.94736842105263,Long Trip (>10 days)
214,Portugal,Lisbon,Bus,13,5,3237,Camping,Business,Spring,249.0,Long Trip (>10 days)
215,Greece,Santorini,Bicycle,18,5,4181,Hotel,Leisure,Spring,232.27777777777777,Long Trip (>10 days)
216,UK,Edinburgh,Flight,3,3,4730,Airbnb,Family Visit,Winter,1576.6666666666667,Short Trip (≤5 days)
217,Germany,Munich,Flight,8,4,1529,Hotel,Business,Summer,191.125,Medium Trip (6-10 days)
218,France,Paris,Bus,3,2,1558,Hotel,Leisure,Winter,519.3333333333334,Short Trip (≤5 days)
219,Austria,Salzburg,Flight,20,2,1531,Hostel,Leisure,Winter,76.55,Long Trip (>10 days)
220,Greece,Athens,Bicycle,7,1,1558,Camping,Business,Fall,222.57142857142858,Medium Trip (6-10 days)
221,Italy,Rome,Flight,11,3,2328,Hostel,Business,Spring,211.63636363636363,Long Trip (>10 days)
222,UK,Manchester,Car,6,5,337,Hotel,Family Visit,Fall,56.166666666666664,Medium Trip (6-10 days)
223,UK,London,Train,18,2,3032,Camping,Business,Summer,168.44444444444446,Long Trip (>10 days)
224,France,Paris,Bicycle,6,2,4500,Hostel,Leisure,Fall,750.0,Medium Trip (6-10 days)
225,Italy,Venice,Flight,12,3,4023,Camping,Family Visit,Winter,335.25,Long Trip (>10 days)
226,Netherlands,Rotterdam,Bicycle,12,3,960,Hostel,Business,Summer,80.0,Long Trip (>10 days)
227,Spain,Barcelona,Flight,17,3,3645,Hostel,Family Visit,Fall,214.41176470588235,Long Trip (>10 days)
228,Spain,Madrid,Bus,17,4,4655,Camping,Family Visit,Winter,273.8235294117647,Long Trip (>10 days)
229,France,Lyon,Flight,5,1,3466,Hostel,Business,Winter,693.2,Short Trip (≤5 days)
230,Switzerland,Lucerne,Flight,4,3,4388,Airbnb,Family Visit,Summer,1097.0,Short Trip (≤5 days)
231,Switzerland,Lucerne,Bicycle,19,5,3322,Hostel,Family Visit,Fall,174.8421052631579,Long Trip (>10 days)
232,Switzerland,Geneva,Bicycle,20,5,4899,Hotel,Family Visit,Winter,244.95,Long Trip (>10 days)
233,Portugal,Faro,Car,11,5,723,Camping,Family Visit,Fall,65.72727272727273,Long Trip (>10 days)
234,Switzerland,Geneva,Flight,15,2,2168,Airbnb,Family Visit,Summer,144.53333333333333,Long Trip (>10 days)
235,France,Paris,Flight,15,2,2496,Hostel,Business,Winter,166.4,Long Trip (>10 days)
236,France,Lyon,Car,16,1,2461,Camping,Family Visit,Spring,153.8125,Long Trip (>10 days)
237,France,Nice,Train,16,3,3078,Hotel,Family Visit,Summer,192.375,Long Trip (>10 days)
238,Netherlands,Utrecht,Flight,17,5,4632,Camping,Leisure,Fall,272.47058823529414,Long Trip (>10 days)
239,Italy,Venice,Car,5,1,2255,Airbnb,Business,Summer,451.0,Short Trip (≤5 days)
240,France,Paris,Flight,18,3,1476,Camping,Business,Fall,82.0,Long Trip (>10 days)
241,Spain,Seville,Bus,16,2,4323,Camping,Family Visit,Spring,270.1875,Long Trip (>10 days)
242,Portugal,Faro,Train,15,2,564,Hostel,Family Visit,Fall,37.6,Long Trip (>10 days)
243,Portugal,Lisbon,Bicycle,15,3,1846,Hostel,Business,Fall,123.06666666666666,Long Trip (>10 days)
244,Spain,Barcelona,Bus,15,3,1731,Airbnb,Business,Winter,115.4,Long Trip (>10 days)
245,Austria,Salzburg,Train,14,2,2106,Hostel,Family Visit,Winter,150.42857142857142,Long Trip (>10 days)
246,France,Paris,Bicycle,16,1,4780,Hotel,Leisure,Fall,298.75,Long Trip (>10 days)
247,Austria,Innsbruck,Bicycle,11,1,1496,Airbnb,Leisure,Spring,136.0,Long Trip (>10 days)
248,Switzerland,Lucerne,Bicycle,8,2,325,Camping,Leisure,Winter,40.625,Medium Trip (6-10 days)
249,Italy,Venice,Car,13,1,3796,Airbnb,Family Visit,Spring,292.0,Long Trip (>10 days)
250,Italy,Rome,Bus,5,2,266,Hostel,Leisure,Fall,53.2,Short Trip (≤5 days)
251,Switzerland,Lucerne,Car,10,5,1369,Camping,Business,Summer,136.9,Medium Trip (6-10 days)
252,Germany,Berlin,Train,16,4,4406,Hotel,Leisure,Fall,275.375,Long Trip (>10 days)
253,Spain,Barcelona,Train,3,1,2672,Hotel,Business,Fall,890.6666666666666,Short Trip (≤5 days)
254,Austria,Salzburg,Bicycle,6,4,1961,Hostel,Business,Spring,326.8333333333333,Medium Trip (6-10 days)
255,Austria,Vienna,Flight,14,5,3648,Hotel,Leisure,Spring,260.57142857142856,Long Trip (>10 days)
256,France,Lyon,Bus,2,5,2909,Hostel,Leisure,Winter,1454.5,Short Trip (≤5 days)
257,Spain,Seville,Bicycle,7,4,3621,Hostel,Leisure,Fall,517.2857142857143,Medium Trip (6-10 days)
258,Portugal,Lisbon,Train,12,1,442,Camping,Leisure,Summer,36.833333333333336,Long Trip (>10 days)
259,Netherlands,Rotterdam,Bicycle,9,5,2795,Airbnb,Business,Summer,310.55555555555554,Medium Trip (6-10 days)
260,France,Nice,Flight,7,2,667,Airbnb,Family Visit,Winter,95.28571428571429,Medium Trip (6-10 days)
261,Portugal,Porto,Car,12,4,845,Airbnb,Family Visit,Fall,70.41666666666667,Long Trip (>10 days)
262,Austria,Salzburg,Car,18,3,4489,Camping,Family Visit,Fall,249.38888888888889,Long Trip (>10 days)
263,Greece,Athens,Flight,16,3,1341,Airbnb,Leisure,Winter,83.8125,Long Trip (>10 days)
264,UK,Manchester,Car,5,3,923,Airbnb,Leisure,Spring,184.6,Short Trip (≤5 days)
265,Greece,Santorini,Bicycle,2,4,4408,Hotel,Business,Summer,2204.0,Short Trip (≤5 days)
266,France,Lyon,Bicycle,13,1,4949,Hotel,Business,Winter,380.6923076923077,Long Trip (>10 days)
267,Italy,Milan,Bicycle,7,5,2117,Hotel,Leisure,Spring,302.42857142857144,Medium Trip (6-10 days)
268,Germany,Berlin,Train,12,4,2226,Camping,Family Visit,Summer,185.5,Long Trip (>10 days)
269,Switzerland,Lucerne,Bicycle,4,1,1101,Hotel,Business,Fall,275.25,Short Trip (≤5 days)
270,Germany,Munich,Train,19,2,460,Airbnb,Leisure,Spring,24.210526315789473,Long Trip (>10 days)
271,UK,Manchester,Train,11,4,2260,Airbnb,Family Visit,Fall,205.45454545454547,Long Trip (>10 days)
272,UK,London,Car,9,2,1819,Airbnb,Family Visit,Winter,202.11111111111111,Medium Trip (6-10 days)
273,Germany,Hamburg,Flight,2,5,2576,Camping,Family Visit,Summer,1288.0,Short Trip (≤5 days)
274,Switzerland,Zurich,Bicycle,18,1,2194,Hostel,Business,Spring,121.88888888888889,Long Trip (>10 days)
275,Portugal,Porto,Train,16,3,3877,Camping,Business,Summer,242.3125,Long Trip (>10 days)
276,Netherlands,Rotterdam,Bicycle,18,5,4227,Hostel,Leisure,Summer,234.83333333333334,Long Trip (>10 days)
277,France,Lyon,Bicycle,13,2,4629,Hostel,Leisure,Spring,356.0769230769231,Long Trip (>10 days)
278,Netherlands,Rotterdam,Bicycle,12,1,2835,Camping,Leisure,Summer,236.25,Long Trip (>10 days)
279,Germany,Hamburg,Bus,4,3,2760,Airbnb,Leisure,Spring,690.0,Short Trip (≤5 days)
280,Netherlands,Amsterdam,Train,9,4,4050,Airbnb,Family Visit,Summer,450.0,Medium Trip (6-10 days)
281,Italy,Rome,Bicycle,10,5,1514,Hotel,Family Visit,Summer,151.4,Medium Trip (6-10 days)
282,Greece,Thessaloniki,Bus,6,5,3098,Camping,Family Visit,Winter,516.3333333333334,Medium Trip (6-10 days)
283,Greece,Athens,Bicycle,15,2,2821,Airbnb,Family Visit,Spring,188.06666666666666,Long Trip (>10 days)
284,Austria,Vienna,Train,5,1,1265,Hotel,Leisure,Fall,253.0,Short Trip (≤5 days)
285,Portugal,Faro,Flight,19,3,4870,Camping,Leisure,Fall,256.3157894736842,Long Trip (>10 days)
286,Austria,Salzburg,Car,16,1,2912,Hostel,Business,Fall,182.0,Long Trip (>10 days)
287,Greece,Santorini,Bus,18,1,3254,Camping,Leisure,Fall,180.77777777777777,Long Trip (>10 days)
288,Italy,Venice,Flight,3,5,3887,Hotel,Leisure,Winter,1295.6666666666667,Short Trip (≤5 days)
289,Austria,Vienna,Flight,9,3,3310,Airbnb,Family Visit,Summer,367.77777777777777,Medium Trip (6-10 days)
290,Portugal,Lisbon,Car,20,3,1402,Hotel,Family Visit,Summer,70.1,Long Trip (>10 days)
291,Spain,Barcelona,Car,9,2,2235,Hotel,Business,Fall,248.33333333333334,Medium Trip (6-10 days)
292,France,Nice,Bus,8,3,619,Camping,Leisure,Summer,77.375,Medium Trip (6-10 days)
293,Greece,Thessaloniki,Train,7,1,1320,Hostel,Leisure,Summer,188.57142857142858,Medium Trip (6-10 days)
294,Germany,Hamburg,Bus,6,3,1150,Camping,Business,Summer,191.66666666666666,Medium Trip (6-10 days)
295,Italy,Milan,Flight,2,4,2845,Airbnb,Business,Fall,1422.5,Short Trip (≤5 days)
296,Netherlands,Utrecht,Bicycle,3,2,4812,Camping,Leisure,Summer,1604.0,Short Trip (≤5 days)
297,Switzerland,Zurich,Bicycle,11,1,3053,Hotel,Leisure,Summer,277.54545454545456,Long Trip (>10 days)
298,Italy,Venice,Flight,14,4,3428,Airbnb,Leisure,Summer,244.85714285714286,Long Trip (>10 days)
299,Greece,Thessaloniki,Flight,9,5,3428,Camping,Business,Summer,380.8888888888889,Medium Trip (6-10 days)
300,Italy,Rome,Train,16,4,3091,Hostel,Business,Summer,193.1875,Long Trip (>10 days)
301,Germany,Hamburg,Bus,14,2,294,Hotel,Family Visit,Summer,21.0,Long Trip (>10 days)
302,Netherlands,Utrecht,Bus,20,3,2155,Hostel,Business,Fall,107.75,Long Trip (>10 days)
303,Austria,Innsbruck,Train,5,2,2034,Hotel,Family Visit,Summer,406.8,Short Trip (≤5 days)
304,Germany,Berlin,Flight,6,4,4306,Hostel,Family Visit,Winter,717.6666666666666,Medium Trip (6-10 days)
305,UK,Edinburgh,Car,11,2,2549,Hostel,Family Visit,Summer,231.72727272727272,Long Trip (>10 days)
306,UK,Manchester,Flight,12,4,2465,Airbnb,Leisure,Summer,205.41666666666666,Long Trip (>10 days)
307,France,Nice,Bicycle,14,2,1184,Airbnb,Business,Summer,84.57142857142857,Long Trip (>10 days)
308,Austria,Innsbruck,Bus,2,4,2930,Hotel,Business,Summer,1465.0,Short Trip (≤5 days)
309,Spain,Barcelona,Train,13,4,4651,Hostel,Family Visit,Summer,357.7692307692308,Long Trip (>10 days)
310,Germany,Munich,Train,17,4,3135,Airbnb,Family Visit,Winter,184.41176470588235,Long Trip (>10 days)
311,Spain,Seville,Bus,6,2,3256,Hotel,Leisure,Summer,542.6666666666666,Medium Trip (6-10 days)
312,Austria,Innsbruck,Flight,10,3,3733,Hotel,Leisure,Summer,373.3,Medium Trip (6-10 days)
313,Portugal,Faro,Bus,9,1,3997,Hostel,Business,Fall,444.1111111111111,Medium Trip (6-10 days)
314,UK,Manchester,Bicycle,12,1,3061,Airbnb,Family Visit,Winter,255.08333333333334,Long Trip (>10 days)
315,Portugal,Faro,Train,6,5,3617,Hotel,Business,Summer,602.8333333333334,Medium Trip (6-10 days)
316,France,Paris,Car,15,4,1405,Hotel,Family Visit,Fall,93.66666666666667,Long Trip (>10 days)
317,France,Paris,Car,2,3,2908,Hotel,Business,Fall,1454.0,Short Trip (≤5 days)
318,Italy,Venice,Car,16,1,1532,Hotel,Family Visit,Spring,95.75,Long Trip (>10 days)
319,Greece,Santorini,Car,10,2,3707,Hostel,Family Visit,Winter,370.7,Medium Trip (6-10 days)
320,Netherlands,Utrecht,Car,10,3,774,Hostel,Business,Fall,77.4,Medium Trip (6-10 days)
321,Portugal,Porto,Car,12,2,3481,Hostel,Family Visit,Fall,290.0833333333333,Long Trip (>10 days)
322,Spain,Barcelona,Flight,3,3,3800,Camping,Leisure,Winter,1266.6666666666667,Short Trip (≤5 days)
323,Italy,Milan,Car,12,3,1405,Hostel,Business,Winter,117.08333333333333,Long Trip (>10 days)
324,Austria,Vienna,Bus,8,4,3772,Hotel,Family Visit,Summer,471.5,Medium Trip (6-10 days)
325,Germany,Berlin,Train,2,1,4580,Hostel,Family Visit,Summer,2290.0,Short Trip (≤5 days)
326,Austria,Innsbruck,Flight,12,2,2403,Hostel,Business,Summer,200.25,Long Trip (>10 days)
327,Portugal,Lisbon,Bus,19,5,3320,Airbnb,Business,Fall,174.73684210526315,Long Trip (>10 days)
328,Spain,Seville,Flight,8,1,3632,Hotel,Leisure,Summer,454.0,Medium Trip (6-10 days)
329,Portugal,Lisbon,Train,18,4,3901,Camping,Leisure,Winter,216.72222222222223,Long Trip (>10 days)
330,Spain,Seville,Train,9,1,4622,Camping,Business,Fall,513.5555555555555,Medium Trip (6-10 days)
331,Austria,Vienna,Flight,2,5,1189,Airbnb,Leisure,Winter,594.5,Short Trip (≤5 days)
332,Netherlands,Rotterdam,Bus,20,3,1151,Hotel,Business,Winter,57.55,Long Trip (>10 days)
333,Switzerland,Lucerne,Train,20,5,3576,Hostel,Business,Spring,178.8,Long Trip (>10 days)
334,France,Nice,Bus,14,5,485,Hostel,Family Visit,Fall,34.642857142857146,Long Trip (>10 days)
335,Netherlands,Amsterdam,Bicycle,17,3,2265,Hotel,Leisure,Spring,133.23529411764707,Long Trip (>10 days)
336,Italy,Rome,Bus,2,3,3257,Airbnb,Leisure,Summer,1628.5,Short Trip (≤5 days)
337,Greece,Santorini,Bus,3,4,2361,Camping,Leisure,Spring,787.0,Short Trip (≤5 days)
338,Netherlands,Amsterdam,Flight,7,3,3535,Hotel,Leisure,Winter,505.0,Medium Trip (6-10 days)
339,Spain,Barcelona,Bicycle,8,3,1681,Airbnb,Leisure,Summer,210.125,Medium Trip (6-10 days)
340,France,Paris,Car,20,2,3651,Hotel,Leisure,Fall,182.55,Long Trip (>10 days)
341,Portugal,Porto,Flight,2,4,2023,Airbnb,Business,Summer,1011.5,Short Trip (≤5 days)
342,UK,London,Car,19,5,3279,Camping,Family Visit,Summer,172.57894736842104,Long Trip (>10 days)
343,Netherlands,Rotterdam,Train,2,1,3006,Hotel,Business,Winter,1503.0,Short Trip (≤5 days)
344,Austria,Innsbruck,Car,4,3,527,Hostel,Family Visit,Fall,131.75,Short Trip (≤5 days)
345,Netherlands,Utrecht,Car,16,5,3875,Camping,Family Visit,Fall,242.1875,Long Trip (>10 days)
346,Italy,Milan,Bicycle,16,2,2343,Camping,Business,Fall,146.4375,Long Trip (>10 days)
347,Portugal,Faro,Train,15,3,4183,Camping,Leisure,Fall,278.8666666666667,Long Trip (>10 days)
348,France,Paris,Car,5,4,364,Airbnb,Leisure,Spring,72.8,Short Trip (≤5 days)
349,Netherlands,Amsterdam,Bicycle,15,2,4625,Airbnb,Business,Winter,308.3333333333333,Long Trip (>10 days)
350,Italy,Venice,Car,8,1,2398,Camping,Leisure,Spring,299.75,Medium Trip (6-10 days)
351,UK,Manchester,Car,20,5,1114,Airbnb,Business,Fall,55.7,Long Trip (>10 days)
352,Spain,Seville,Bus,5,5,4377,Camping,Leisure,Fall,875.4,Short Trip (≤5 days)
353,Portugal,Lisbon,Bicycle,3,1,3794,Airbnb,Family Visit,Summer,1264.6666666666667,Short Trip (≤5 days)
354,Germany,Munich,Bicycle,11,2,4766,Hotel,Business,Winter,433.27272727272725,Long Trip (>10 days)
355,France,Lyon,Train,13,4,1004,Hotel,Business,Fall,77.23076923076923,Long Trip (>10 days)
356,UK,Manchester,Flight,7,1,3777,Hostel,Leisure,Fall,539.5714285714286,Medium Trip (6-10 days)
357,Netherlands,Amsterdam,Car,13,1,2961,Camping,Family Visit,Spring,227.76923076923077,Long Trip (>10 days)
358,UK,Edinburgh,Car,15,1,4153,Airbnb,Business,Spring,276.8666666666667,Long Trip (>10 days)
359,Spain,Madrid,Bicycle,20,1,2773,Hotel,Leisure,Spring,138.65,Long Trip (>10 days)
360,Switzerland,Lucerne,Flight,10,2,436,Hotel,Business,Spring,43.6,Medium Trip (6-10 days)
361,France,Paris,Bus,8,1,1501,Hostel,Business,Winter,187.625,Medium Trip (6-10 days)
362,Switzerland,Zurich,Bus,12,4,641,Camping,Family Visit,Winter,53.416666666666664,Long Trip (>10 days)
363,France,Paris,Bicycle,14,2,3998,Hostel,Business,Winter,285.57142857142856,Long Trip (>10 days)
364,Germany,Munich,Flight,6,3,2375,Airbnb,Leisure,Fall,395.8333333333333,Medium Trip (6-10 days)
365,Portugal,Porto,Train,11,4,240,Hotel,Business,Winter,21.818181818181817,Long Trip (>10 days)
366,Germany,Berlin,Bicycle,7,2,4883,Airbnb,Family Visit,Winter,697.5714285714286,Medium Trip (6-10 days)
367,Greece,Athens,Car,11,5,2274,Hotel,Leisure,Spring,206.72727272727272,Long Trip (>10 days)
368,Spain,Madrid,Flight,7,3,4463,Camping,Business,Fall,637.5714285714286,Medium Trip (6-10 days)
369,France,Nice,Bicycle,3,4,654,Hostel,Family Visit,Summer,218.0,Short Trip (≤5 days)
370,Germany,Munich,Car,11,5,3672,Hotel,Family Visit,Spring,333.8181818181818,Long Trip (>10 days)
371,Greece,Thessaloniki,Train,15,2,3267,Hotel,Family Visit,Summer,217.8,Long Trip (>10 days)
372,Netherlands,Amsterdam,Train,12,1,3066,Airbnb,Family Visit,Fall,255.5,Long Trip (>10 days)
373,Portugal,Faro,Bus,5,3,4324,Hotel,Business,Spring,864.8,Short Trip (≤5 days)
374,Switzerland,Lucerne,Flight,12,3,1336,Hotel,Leisure,Summer,111.33333333333333,Long Trip (>10 days)
375,Spain,Madrid,Bicycle,8,3,1533,Hotel,Business,Winter,191.625,Medium Trip (6-10 days)
376,Switzerland,Geneva,Bus,3,5,1985,Camping,Family Visit,Winter,661.6666666666666,Short Trip (≤5 days)
377,Switzerland,Lucerne,Flight,5,4,1962,Hostel,Business,Summer,392.4,Short Trip (≤5 days)
378,France,Nice,Flight,12,1,4660,Airbnb,Business,Winter,388.3333333333333,Long Trip (>10 days)
379,Italy,Rome,Bicycle,12,2,353,Hostel,Leisure,Spring,29.416666666666668,Long Trip (>10 days)
380,Greece,Santorini,Car,3,5,2320,Hotel,Family Visit,Winter,773.3333333333334,Short Trip (≤5 days)
381,Spain,Madrid,Car,10,1,1440,Camping,Business,Fall,144.0,Medium Trip (6-10 days)
382,Netherlands,Amsterdam,Train,12,2,4320,Camping,Leisure,Winter,360.0,Long Trip (>10 days)
383,Italy,Venice,Bus,8,3,4426,Camping,Family Visit,Summer,553.25,Medium Trip (6-10 days)
384,Germany,Munich,Bus,19,5,4403,Hostel,Business,Summer,231.73684210526315,Long Trip (>10 days)
385,Italy,Venice,Train,13,3,3749,Hostel,Leisure,Fall,288.38461538461536,Long Trip (>10 days)
386,Germany,Munich,Car,7,2,2522,Airbnb,Leisure,Spring,360.2857142857143,Medium Trip (6-10 days)
387,France,Paris,Bicycle,6,4,4290,Camping,Business,Fall,715.0,Medium Trip (6-10 days)
388,Austria,Salzburg,Bus,18,5,529,Hostel,Business,Summer,29.38888888888889,Long Trip (>10 days)
389,Greece,Athens,Car,18,4,1541,Camping,Leisure,Summer,85.61111111111111,Long Trip (>10 days)
390,UK,Edinburgh,Bus,17,3,4262,Airbnb,Family Visit,Winter,250.7058823529412,Long Trip (>10 days)
391,Greece,Thessaloniki,Bicycle,18,5,2621,Hotel,Leisure,Summer,145.61111111111111,Long Trip (>10 days)
392,Austria,Salzburg,Bus,17,1,3926,Hotel,Family Visit,Winter,230.94117647058823,Long Trip (>10 days)
393,UK,Manchester,Train,10,5,246,Hostel,Business,Fall,24.6,Medium Trip (6-10 days)
394,Greece,Thessaloniki,Bicycle,11,1,4190,Camping,Leisure,Spring,380.90909090909093,Long Trip (>10 days)
395,Netherlands,Utrecht,Train,8,5,4432,Airbnb,Leisure,Spring,554.0,Medium Trip (6-10 days)
396,Netherlands,Amsterdam,Car,20,2,1026,Camping,Leisure,Fall,51.3,Long Trip (>10 days)
397,Greece,Thessaloniki,Car,19,4,1134,Hostel,Family Visit,Spring,59.68421052631579,Long Trip (>10 days)
398,Greece,Santorini,Flight,4,2,1666,Hotel,Family Visit,Summer,416.5,Short Trip (≤5 days)
399,Portugal,Lisbon,Flight,11,1,1382,Hostel,Family Visit,Winter,125.63636363636364,Long Trip (>10 days)
400,Greece,Thessaloniki,Flight,4,4,330,Camping,Business,Spring,82.5,Short Trip (≤5 days)
401,Austria,Vienna,Flight,6,3,3183,Hostel,Family Visit,Summer,530.5,Medium Trip (6-10 days)
402,France,Paris,Flight,13,1,3787,Camping,Family Visit,Winter,291.3076923076923,Long Trip (>10 days)
403,Greece,Athens,Car,14,2,4311,Hostel,Leisure,Spring,307.92857142857144,Long Trip (>10 days)
404,Greece,Thessaloniki,Bicycle,14,2,1331,Airbnb,Business,Summer,95.07142857142857,Long Trip (>10 days)
405,Germany,Hamburg,Train,3,3,3441,Camping,Family Visit,Spring,1147.0,Short Trip (≤5 days)
406,Switzerland,Geneva,Car,3,3,2004,Hostel,Family Visit,Spring,668.0,Short Trip (≤5 days)
407,Portugal,Faro,Bicycle,14,2,4010,Airbnb,Leisure,Fall,286.42857142857144,Long Trip (>10 days)
408,Switzerland,Zurich,Bicycle,8,4,4324,Hotel,Business,Fall,540.5,Medium Trip (6-10 days)
409,Netherlands,Amsterdam,Flight,18,5,4613,Hostel,Business,Fall,256.27777777777777,Long Trip (>10 days)
410,Netherlands,Rotterdam,Train,13,1,471,Airbnb,Business,Fall,36.23076923076923,Long Trip (>10 days)
411,Spain,Seville,Train,13,1,4561,Camping,Business,Winter,350.84615384615387,Long Trip (>10 days)
412,Greece,Santorini,Flight,8,4,4684,Camping,Family Visit,Spring,585.5,Medium Trip (6-10 days)
413,Netherlands,Amsterdam,Bicycle,2,1,2250,Camping,Family Visit,Fall,1125.0,Short Trip (≤5 days)
414,Greece,Santorini,Flight,14,2,345,Hotel,Family Visit,Summer,24.642857142857142,Long Trip (>10 days)
415,UK,Edinburgh,Flight,6,1,631,Camping,Leisure,Spring,105.16666666666667,Medium Trip (6-10 days)
416,Austria,Innsbruck,Bus,2,5,2832,Hotel,Business,Summer,1416.0,Short Trip (≤5 days)
417,Italy,Venice,Flight,16,1,1163,Hotel,Family Visit,Fall,72.6875,Long Trip (>10 days)
418,Germany,Hamburg,Flight,13,3,2241,Airbnb,Family Visit,Fall,172.3846153846154,Long Trip (>10 days)
419,Italy,Rome,Bicycle,6,5,4268,Hostel,Business,Fall,711.3333333333334,Medium Trip (6-10 days)
420,Netherlands,Amsterdam,Train,12,4,1006,Airbnb,Leisure,Winter,83.83333333333333,Long Trip (>10 days)
421,Greece,Santorini,Bicycle,15,3,2068,Hotel,Family Visit,Fall,137.86666666666667,Long Trip (>10 days)
422,France,Nice,Bicycle,3,1,1084,Airbnb,Family Visit,Fall,361.3333333333333,Short Trip (≤5 days)
423,Italy,Milan,Bicycle,20,5,1589,Airbnb,Leisure,Winter,79.45,Long Trip (>10 days)
424,Austria,Salzburg,Car,11,3,4521,Camping,Business,Winter,411.0,Long Trip (>10 days)
425,Switzerland,Geneva,Car,10,1,2753,Hostel,Business,Fall,275.3,Medium Trip (6-10 days)
426,France,Nice,Bicycle,4,5,1996,Airbnb,Family Visit,Fall,499.0,Short Trip (≤5 days)
427,Greece,Santorini,Bus,16,1,3370,Hostel,Family Visit,Spring,210.625,Long Trip (>10 days)
428,Spain,Madrid,Train,18,5,2114,Hotel,Family Visit,Winter,117.44444444444444,Long Trip (>10 days)
429,Greece,Santorini,Flight,11,3,2937,Camping,Family Visit,Spring,267.0,Long Trip (>10 days)
430,Switzerland,Zurich,Flight,19,1,202,Airbnb,Business,Winter,10.631578947368421,Long Trip (>10 days)
431,Portugal,Porto,Bicycle,4,5,1092,Hotel,Business,Spring,273.0,Short Trip (≤5 days)
432,France,Paris,Car,16,1,2576,Hotel,Leisure,Winter,161.0,Long Trip (>10 days)
433,Italy,Rome,Bicycle,5,5,3881,Hotel,Business,Summer,776.2,Short Trip (≤5 days)
434,Switzerland,Zurich,Train,12,1,2882,Hostel,Leisure,Summer,240.16666666666666,Long Trip (>10 days)
435,Austria,Innsbruck,Flight,10,3,1555,Hotel,Business,Spring,155.5,Medium Trip (6-10 days)
436,UK,Manchester,Train,11,1,4335,Airbnb,Leisure,Spring,394.09090909090907,Long Trip (>10 days)
437,Austria,Innsbruck,Car,6,3,1154,Hotel,Family Visit,Spring,192.33333333333334,Medium Trip (6-10 days)
438,Italy,Milan,Bicycle,3,4,1174,Hotel,Business,Winter,391.3333333333333,Short Trip (≤5 days)
439,Spain,Seville,Flight,7,3,4172,Hostel,Family Visit,Fall,596.0,Medium Trip (6-10 days)
440,Greece,Athens,Bus,17,2,1113,Hostel,Business,Fall,65.47058823529412,Long Trip (>10 days)
441,Germany,Hamburg,Flight,7,5,3587,Hotel,Business,Fall,512.4285714285714,Medium Trip (6-10 days)
442,Austria,Innsbruck,Train,17,5,995,Camping,Family Visit,Spring,58.529411764705884,Long Trip (>10 days)
443,Austria,Innsbruck,Train,6,5,4888,Hostel,Business,Winter,814.6666666666666,Medium Trip (6-10 days)
444,Switzerland,Zurich,Bicycle,19,5,517,Hostel,Leisure,Fall,27.210526315789473,Long Trip (>10 days)
445,Austria,Salzburg,Bus,20,2,1791,Hotel,Leisure,Spring,89.55,Long Trip (>10 days)
446,Greece,Thessaloniki,Car,9,2,4130,Camping,Business,Summer,458.8888888888889,Medium Trip (6-10 days)
447,France,Lyon,Train,14,5,1512,Hostel,Business,Fall,108.0,Long Trip (>10 days)
448,France,Paris,Flight,7,3,2583,Hostel,Business,Summer,369.0,Medium Trip (6-10 days)
449,France,Paris,Bicycle,9,4,1904,Camping,Business,Summer,211.55555555555554,Medium Trip (6-10 days)
450,Switzerland,Zurich,Flight,14,3,2804,Camping,Leisure,Winter,200.28571428571428,Long Trip (>10 days)
451,Switzerland,Geneva,Train,11,4,4486,Airbnb,Family Visit,Summer,407.8181818181818,Long Trip (>10 days)
452,Netherlands,Utrecht,Train,7,4,756,Hostel,Business,Spring,108.0,Medium Trip (6-10 days)
453,Portugal,Lisbon,Train,20,2,2919,Airbnb,Business,Winter,145.95,Long Trip (>10 days)
454,Spain,Madrid,Bicycle,12,5,3941,Airbnb,Leisure,Fall,328.4166666666667,Long Trip (>10 days)
455,Germany,Munich,Train,8,2,2603,Hostel,Business,Spring,325.375,Medium Trip (6-10 days)
456,France,Paris,Flight,3,5,2212,Camping,Family Visit,Winter,737.3333333333334,Short Trip (≤5 days)
457,Netherlands,Rotterdam,Flight,13,2,3317,Camping,Business,Spring,255.15384615384616,Long Trip (>10 days)
458,Greece,Athens,Bicycle,18,1,2264,Airbnb,Family Visit,Spring,125.77777777777777,Long Trip (>10 days)
459,Greece,Santorini,Car,9,2,4995,Camping,Family Visit,Winter,555.0,Medium Trip (6-10 days)
460,Spain,Madrid,Flight,14,3,1207,Hostel,Business,Spring,86.21428571428571,Long Trip (>10 days)
461,Austria,Salzburg,Car,7,3,3726,Hotel,Family Visit,Summer,532.2857142857143,Medium Trip (6-10 days)
462,Spain,Seville,Bicycle,11,1,1447,Hotel,Family Visit,Fall,131.54545454545453,Long Trip (>10 days)
463,Germany,Hamburg,Car,3,4,771,Airbnb,Leisure,Winter,257.0,Short Trip (≤5 days)
464,France,Paris,Flight,16,5,477,Airbnb,Leisure,Winter,29.8125,Long Trip (>10 days)
465,Netherlands,Rotterdam,Bus,5,4,2087,Hotel,Family Visit,Fall,417.4,Short Trip (≤5 days)
466,Portugal,Faro,Bus,5,2,1240,Camping,Business,Fall,248.0,Short Trip (≤5 days)
467,Switzerland,Geneva,Bus,13,1,1085,Hostel,Leisure,Fall,83.46153846153847,Long Trip (>10 days)
468,France,Paris,Bicycle,2,2,3391,Camping,Leisure,Spring,1695.5,Short Trip (≤5 days)
469,Spain,Barcelona,Bus,19,2,4999,Hotel,Leisure,Fall,263.10526315789474,Long Trip (>10 days)
470,Spain,Seville,Bicycle,16,5,3947,Hostel,Leisure,Winter,246.6875,Long Trip (>10 days)
471,Germany,Hamburg,Bicycle,4,4,2628,Camping,Leisure,Winter,657.0,Short Trip (≤5 days)
472,France,Lyon,Flight,13,5,1106,Airbnb,Family Visit,Fall,85.07692307692308,Long Trip (>10 days)
473,Italy,Milan,Flight,2,3,2706,Hotel,Family Visit,Winter,1353.0,Short Trip (≤5 days)
474,Greece,Athens,Bicycle,3,2,3556,Airbnb,Business,Fall,1185.3333333333333,Short Trip (≤5 days)
475,Switzerland,Lucerne,Flight,5,1,238,Hotel,Leisure,Winter,47.6,Short Trip (≤5 days)
476,Switzerland,Zurich,Car,16,5,2404,Hostel,Family Visit,Winter,150.25,Long Trip (>10 days)
477,Germany,Munich,Bus,12,4,2023,Hotel,Leisure,Summer,168.58333333333334,Long Trip (>10 days)
478,UK,Manchester,Bus,3,4,3293,Airbnb,Leisure,Fall,1097.6666666666667,Short Trip (≤5 days)
479,Italy,Rome,Train,12,3,3978,Hostel,Business,Summer,331.5,Long Trip (>10 days)
480,Switzerland,Lucerne,Flight,18,4,3711,Airbnb,Family Visit,Spring,206.16666666666666,Long Trip (>10 days)
481,Portugal,Lisbon,Flight,16,5,4226,Hostel,Business,Spring,264.125,Long Trip (>10 days)
482,Austria,Salzburg,Car,7,3,4865,Camping,Family Visit,Winter,695.0,Medium Trip (6-10 days)
483,Greece,Athens,Flight,7,2,2180,Hotel,Business,Spring,311.42857142857144,Medium Trip (6-10 days)
484,Austria,Innsbruck,Train,4,1,992,Hotel,Leisure,Fall,248.0,Short Trip (≤5 days)
485,Netherlands,Utrecht,Bicycle,13,2,2455,Airbnb,Business,Winter,188.84615384615384,Long Trip (>10 days)
486,Germany,Berlin,Flight,9,4,1184,Airbnb,Business,Fall,131.55555555555554,Medium Trip (6-10 days)
487,Germany,Munich,Car,18,5,3580,Airbnb,Leisure,Winter,198.88888888888889,Long Trip (>10 days)
488,Italy,Venice,Bus,9,3,3833,Hostel,Leisure,Fall,425.8888888888889,Medium Trip (6-10 days)
489,Netherlands,Rotterdam,Bus,8,3,4644,Hotel,Family Visit,Fall,580.5,Medium Trip (6-10 days)
490,Portugal,Faro,Train,13,5,4099,Camping,Family Visit,Fall,315.3076923076923,Long Trip (>10 days)
491,Netherlands,Amsterdam,Train,4,4,726,Airbnb,Business,Summer,181.5,Short Trip (≤5 days)
492,Austria,Innsbruck,Train,15,1,4165,Hotel,Business,Winter,277.6666666666667,Long Trip (>10 days)
493,Austria,Vienna,Flight,13,4,1963,Airbnb,Leisure,Fall,151.0,Long Trip (>10 days)
494,Switzerland,Zurich,Car,10,1,316,Hostel,Leisure,Fall,31.6,Medium Trip (6-10 days)
495,France,Paris,Bus,3,3,3988,Hostel,Family Visit,Spring,1329.3333333333333,Short Trip (≤5 days)
496,Portugal,Lisbon,Bus,18,5,473,Hotel,Business,Fall,26.27777777777778,Long Trip (>10 days)
497,Switzerland,Lucerne,Car,19,3,928,Airbnb,Business,Spring,48.8421052631579,Long Trip (>10 days)
498,Germany,Munich,Train,2,4,4397,Hostel,Family Visit,Winter,2198.5,Short Trip (≤5 days)
499,Portugal,Lisbon,Train,10,3,413,Hostel,Leisure,Winter,41.3,Medium Trip (6-10 days)
500,Italy,Venice,Bicycle,20,1,2648,Hotel,Business,Winter,132.4,Long Trip (>10 days)
501,UK,London,Bicycle,13,1,3317,Hostel,Business,Fall,255.15384615384616,Long Trip (>10 days)
502,Switzerland,Geneva,Bus,16,4,2920,Airbnb,Leisure,Fall,182.5,Long Trip (>10 days)
503,Portugal,Faro,Bicycle,11,2,201,Airbnb,Leisure,Fall,18.272727272727273,Long Trip (>10 days)
504,Switzerland,Geneva,Bus,2,1,4244,Hostel,Business,Winter,2122.0,Short Trip (≤5 days)
505,UK,Edinburgh,Flight,2,5,1117,Hostel,Family Visit,Spring,558.5,Short Trip (≤5 days)
506,France,Paris,Flight,8,2,289,Hotel,Family Visit,Fall,36.125,Medium Trip (6-10 days)
507,Spain,Barcelona,Car,15,2,4438,Hostel,Business,Winter,295.8666666666667,Long Trip (>10 days)
508,UK,London,Car,3,2,1086,Hostel,Business,Summer,362.0,Short Trip (≤5 days)
509,Greece,Santorini,Train,13,1,2095,Camping,Business,Spring,161.15384615384616,Long Trip (>10 days)
510,Greece,Athens,Train,12,5,834,Camping,Business,Spring,69.5,Long Trip (>10 days)
511,Portugal,Faro,Train,7,1,3344,Hostel,Family Visit,Spring,477.7142857142857,Medium Trip (6-10 days)
512,Portugal,Lisbon,Flight,8,1,915,Airbnb,Family Visit,Summer,114.375,Medium Trip (6-10 days)
513,Switzerland,Geneva,Train,9,2,3589,Hotel,Business,Fall,398.77777777777777,Medium Trip (6-10 days)
514,Austria,Salzburg,Bicycle,16,3,2630,Camping,Family Visit,Fall,164.375,Long Trip (>10 days)
515,Germany,Munich,Train,8,3,407,Airbnb,Family Visit,Fall,50.875,Medium Trip (6-10 days)
516,Netherlands,Rotterdam,Train,5,2,221,Hostel,Business,Summer,44.2,Short Trip (≤5 days)
517,UK,Manchester,Flight,4,1,4309,Camping,Business,Summer,1077.25,Short Trip (≤5 days)
518,France,Nice,Car,12,2,2334,Camping,Business,Summer,194.5,Long Trip (>10 days)
519,Greece,Athens,Train,13,5,1760,Airbnb,Business,Summer,135.3846153846154,Long Trip (>10 days)
520,Germany,Hamburg,Bus,14,3,2369,Hostel,Family Visit,Spring,169.21428571428572,Long Trip (>10 days)
521,Italy,Venice,Flight,20,4,4980,Airbnb,Business,Spring,249.0,Long Trip (>10 days)
522,Greece,Athens,Bicycle,9,5,3902,Hotel,Business,Fall,433.55555555555554,Medium Trip (6-10 days)
523,Austria,Salzburg,Flight,20,4,3865,Camping,Family Visit,Winter,193.25,Long Trip (>10 days)
524,UK,Manchester,Car,7,2,861,Camping,Leisure,Summer,123.0,Medium Trip (6-10 days)
525,Italy,Venice,Car,6,1,1282,Airbnb,Business,Fall,213.66666666666666,Medium Trip (6-10 days)
526,Greece,Thessaloniki,Flight,4,4,954,Airbnb,Leisure,Spring,238.5,Short Trip (≤5 days)
527,Netherlands,Amsterdam,Train,4,5,552,Camping,Leisure,Fall,138.0,Short Trip (≤5 days)
528,Germany,Berlin,Bicycle,8,4,4088,Camping,Leisure,Fall,511.0,Medium Trip (6-10 days)
529,Italy,Venice,Bicycle,6,4,2979,Hostel,Family Visit,Spring,496.5,Medium Trip (6-10 days)
530,Austria,Innsbruck,Bicycle,13,4,1155,Hotel,Leisure,Fall,88.84615384615384,Long Trip (>10 days)
531,Switzerland,Geneva,Flight,19,1,4903,Airbnb,Family Visit,Winter,258.05263157894734,Long Trip (>10 days)
532,Netherlands,Rotterdam,Car,10,4,1473,Airbnb,Business,Spring,147.3,Medium Trip (6-10 days)
533,Switzerland,Lucerne,Bicycle,3,4,2825,Hotel,Business,Fall,941.6666666666666,Short Trip (≤5 days)
534,Spain,Madrid,Flight,16,2,3179,Hostel,Leisure,Spring,198.6875,Long Trip (>10 days)
535,Spain,Seville,Train,7,2,1594,Airbnb,Business,Summer,227.71428571428572,Medium Trip (6-10 days)
536,Portugal,Lisbon,Bus,13,3,729,Airbnb,Family Visit,Spring,56.07692307692308,Long Trip (>10 days)
537,UK,Manchester,Train,9,5,3158,Hotel,Family Visit,Spring,350.8888888888889,Medium Trip (6-10 days)
538,Greece,Thessaloniki,Bus,2,3,3791,Hotel,Business,Summer,1895.5,Short Trip (≤5 days)
539,Greece,Thessaloniki,Flight,5,2,1139,Camping,Family Visit,Winter,227.8,Short Trip (≤5 days)
540,Italy,Rome,Bicycle,15,2,574,Camping,Leisure,Winter,38.266666666666666,Long Trip (>10 days)
541,Portugal,Lisbon,Car,6,5,4205,Hotel,Family Visit,Spring,700.8333333333334,Medium Trip (6-10 days)
542,UK,Edinburgh,Train,14,1,2565,Camping,Leisure,Winter,183.21428571428572,Long Trip (>10 days)
543,Germany,Munich,Train,16,1,3355,Hostel,Family Visit,Summer,209.6875,Long Trip (>10 days)
544,Greece,Thessaloniki,Bus,3,1,3138,Hostel,Leisure,Spring,1046.0,Short Trip (≤5 days)
545,Greece,Santorini,Flight,3,3,1452,Hostel,Family Visit,Spring,484.0,Short Trip (≤5 days)
546,France,Paris,Train,6,1,4755,Camping,Business,Fall,792.5,Medium Trip (6-10 days)
547,Austria,Vienna,Bicycle,5,5,3574,Airbnb,Family Visit,Spring,714.8,Short Trip (≤5 days)
548,Italy,Milan,Bus,12,2,3978,Hostel,Family Visit,Spring,331.5,Long Trip (>10 days)
549,Germany,Munich,Car,15,2,3091,Hotel,Leisure,Fall,206.06666666666666,Long Trip (>10 days)
550,Germany,Hamburg,Car,10,1,2560,Hostel,Family Visit,Winter,256.0,Medium Trip (6-10 days)
551,UK,Manchester,Bus,12,5,2934,Camping,Business,Winter,244.5,Long Trip (>10 days)
552,Switzerland,Zurich,Car,6,4,2412,Hotel,Business,Spring,402.0,Medium Trip (6-10 days)
553,Greece,Santorini,Flight,18,1,1855,Camping,Leisure,Spring,103.05555555555556,Long Trip (>10 days)
554,Italy,Venice,Bicycle,13,4,1590,Airbnb,Family Visit,Winter,122.3076923076923,Long Trip (>10 days)
555,Netherlands,Rotterdam,Car,16,4,1474,Airbnb,Leisure,Summer,92.125,Long Trip (>10 days)
556,Italy,Milan,Flight,19,2,1168,Airbnb,Business,Winter,61.473684210526315,Long Trip (>10 days)
557,UK,London,Train,6,4,481,Camping,Leisure,Winter,80.16666666666667,Medium Trip (6-10 days)
558,Italy,Venice,Bicycle,2,3,4493,Airbnb,Business,Fall,2246.5,Short Trip (≤5 days)
559,Netherlands,Amsterdam,Car,6,5,1208,Hostel,Business,Summer,201.33333333333334,Medium Trip (6-10 days)
560,UK,Edinburgh,Flight,20,4,4785,Hostel,Family Visit,Spring,239.25,Long Trip (>10 days)
561,Switzerland,Lucerne,Car,19,3,325,Hotel,Family Visit,Spring,17.105263157894736,Long Trip (>10 days)
562,Netherlands,Utrecht,Car,3,1,4068,Hotel,Family Visit,Spring,1356.0,Short Trip (≤5 days)
563,Spain,Seville,Train,8,3,3449,Camping,Family Visit,Winter,431.125,Medium Trip (6-10 days)
564,Italy,Rome,Flight,13,4,4603,Camping,Business,Winter,354.0769230769231,Long Trip (>10 days)
565,France,Lyon,Bus,17,2,2993,Hostel,Leisure,Fall,176.05882352941177,Long Trip (>10 days)
566,Germany,Berlin,Flight,9,2,1564,Hostel,Family Visit,Winter,173.77777777777777,Medium Trip (6-10 days)
567,France,Paris,Car,2,5,4812,Hostel,Leisure,Spring,2406.0,Short Trip (≤5 days)
568,Greece,Thessaloniki,Train,16,2,2674,Hotel,Family Visit,Fall,167.125,Long Trip (>10 days)
569,Greece,Santorini,Train,11,2,4249,Hostel,Business,Fall,386.27272727272725,Long Trip (>10 days)
570,Netherlands,Utrecht,Train,18,2,3919,Camping,Leisure,Summer,217.72222222222223,Long Trip (>10 days)
571,UK,Manchester,Car,16,1,4883,Hostel,Leisure,Summer,305.1875,Long Trip (>10 days)
572,Switzerland,Zurich,Flight,9,1,3272,Hostel,Leisure,Fall,363.55555555555554,Medium Trip (6-10 days)
573,UK,London,Bicycle,20,5,1527,Airbnb,Leisure,Fall,76.35,Long Trip (>10 days)
574,Netherlands,Rotterdam,Flight,6,1,3873,Camping,Business,Fall,645.5,Medium Trip (6-10 days)
575,Greece,Santorini,Car,3,2,903,Airbnb,Business,Spring,301.0,Short Trip (≤5 days)
576,Spain,Barcelona,Bicycle,7,1,3432,Camping,Business,Summer,490.2857142857143,Medium Trip (6-10 days)
577,Portugal,Faro,Train,10,1,4983,Hostel,Business,Spring,498.3,Medium Trip (6-10 days)
578,Greece,Thessaloniki,Bicycle,14,1,4028,Hotel,Family Visit,Fall,287.7142857142857,Long Trip (>10 days)
579,Spain,Barcelona,Bicycle,14,1,1547,Airbnb,Business,Fall,110.5,Long Trip (>10 days)
580,Switzerland,Geneva,Train,3,5,3373,Hostel,Family Visit,Spring,1124.3333333333333,Short Trip (≤5 days)
581,Germany,Hamburg,Bicycle,15,4,1837,Airbnb,Family Visit,Fall,122.46666666666667,Long Trip (>10 days)
582,Austria,Salzburg,Train,20,2,1200,Hostel,Family Visit,Fall,60.0,Long Trip (>10 days)
583,UK,Manchester,Flight,20,5,3912,Airbnb,Leisure,Fall,195.6,Long Trip (>10 days)
584,France,Nice,Car,8,1,2972,Camping,Family Visit,Summer,371.5,Medium Trip (6-10 days)
585,UK,Manchester,Bicycle,16,1,3347,Hotel,Family Visit,Summer,209.1875,Long Trip (>10 days)
586,Spain,Seville,Bicycle,8,5,4186,Camping,Family Visit,Winter,523.25,Medium Trip (6-10 days)
587,Italy,Rome,Car,2,1,935,Airbnb,Leisure,Summer,467.5,Short Trip (≤5 days)
588,Portugal,Faro,Car,18,3,3538,Hostel,Leisure,Winter,196.55555555555554,Long Trip (>10 days)
589,Portugal,Lisbon,Bicycle,4,2,1161,Hostel,Leisure,Winter,290.25,Short Trip (≤5 days)
590,Germany,Hamburg,Bicycle,15,1,1226,Camping,Family Visit,Summer,81.73333333333333,Long Trip (>10 days)
591,Italy,Milan,Bus,9,2,2701,Camping,Leisure,Winter,300.1111111111111,Medium Trip (6-10 days)
592,France,Lyon,Flight,13,5,4599,Airbnb,Leisure,Summer,353.7692307692308,Long Trip (>10 days)
593,Greece,Athens,Train,6,4,3030,Hotel,Leisure,Summer,505.0,Medium Trip (6-10 days)
594,Netherlands,Amsterdam,Bus,12,2,2611,Hotel,Business,Spring,217.58333333333334,Long Trip (>10 days)
595,Netherlands,Rotterdam,Flight,12,5,220,Hostel,Family Visit,Winter,18.333333333333332,Long Trip (>10 days)
596,Greece,Athens,Bus,12,5,914,Hotel,Family Visit,Winter,76.16666666666667,Long Trip (>10 days)
597,Germany,Berlin,Bicycle,20,4,340,Camping,Leisure,Summer,17.0,Long Trip (>10 days)
598,Italy,Rome,Flight,20,2,1163,Hotel,Family Visit,Winter,58.15,Long Trip (>10 days)
599,Portugal,Lisbon,Bus,17,5,3835,Camping,Family Visit,Fall,225.58823529411765,Long Trip (>10 days)
600,Germany,Munich,Train,15,3,1892,Hotel,Business,Summer,126.13333333333334,Long Trip (>10 days)
601,Greece,Santorini,Bicycle,16,4,305,Camping,Business,Winter,19.0625,Long Trip (>10 days)
602,Spain,Barcelona,Bus,5,2,4297,Airbnb,Business,Summer,859.4,Short Trip (≤5 days)
603,Austria,Innsbruck,Train,18,5,2337,Hotel,Family Visit,Fall,129.83333333333334,Long Trip (>10 days)
604,Austria,Salzburg,Car,12,4,3854,Hostel,Family Visit,Winter,321.1666666666667,Long Trip (>10 days)
605,Spain,Seville,Train,18,2,644,Hostel,Leisure,Spring,35.77777777777778,Long Trip (>10 days)
606,Spain,Seville,Bicycle,11,4,1675,Hotel,Business,Fall,152.27272727272728,Long Trip (>10 days)
607,Netherlands,Rotterdam,Train,8,1,1908,Hotel,Business,Winter,238.5,Medium Trip (6-10 days)
608,Greece,Santorini,Train,11,3,1500,Hotel,Leisure,Summer,136.36363636363637,Long Trip (>10 days)
609,Spain,Seville,Car,10,2,4816,Hotel,Leisure,Spring,481.6,Medium Trip (6-10 days)
610,Austria,Innsbruck,Bus,16,2,2625,Airbnb,Family Visit,Summer,164.0625,Long Trip (>10 days)
611,Germany,Munich,Flight,11,1,3425,Hostel,Leisure,Fall,311.3636363636364,Long Trip (>10 days)
612,Netherlands,Amsterdam,Flight,6,4,4345,Airbnb,Business,Fall,724.1666666666666,Medium Trip (6-10 days)
613,Germany,Berlin,Flight,20,4,3473,Hotel,Leisure,Winter,173.65,Long Trip (>10 days)
614,Germany,Berlin,Car,19,3,3240,Hostel,Leisure,Spring,170.52631578947367,Long Trip (>10 days)
615,Spain,Barcelona,Bicycle,19,5,1784,Hostel,Family Visit,Winter,93.89473684210526,Long Trip (>10 days)
616,Switzerland,Lucerne,Bus,4,4,1449,Airbnb,Family Visit,Winter,362.25,Short Trip (≤5 days)
617,Austria,Innsbruck,Bus,2,5,861,Hostel,Business,Winter,430.5,Short Trip (≤5 days)
618,Austria,Innsbruck,Car,17,5,2666,Camping,Leisure,Spring,156.8235294117647,Long Trip (>10 days)
619,Germany,Munich,Car,8,3,849,Hotel,Leisure,Summer,106.125,Medium Trip (6-10 days)
620,Netherlands,Rotterdam,Flight,10,5,640,Hostel,Business,Summer,64.0,Medium Trip (6-10 days)
621,France,Paris,Car,3,3,4558,Hotel,Business,Spring,1519.3333333333333,Short Trip (≤5 days)
622,Italy,Milan,Bus,19,3,1777,Hotel,Leisure,Fall,93.52631578947368,Long Trip (>10 days)
623,France,Nice,Flight,8,1,3551,Hostel,Leisure,Summer,443.875,Medium Trip (6-10 days)
624,France,Paris,Bus,15,3,1441,Hostel,Family Visit,Summer,96.06666666666666,Long Trip (>10 days)
625,Greece,Thessaloniki,Train,7,2,1390,Airbnb,Leisure,Fall,198.57142857142858,Medium Trip (6-10 days)
626,Spain,Madrid,Train,14,4,4648,Camping,Leisure,Summer,332.0,Long Trip (>10 days)
627,Switzerland,Lucerne,Car,5,3,272,Hostel,Leisure,Winter,54.4,Short Trip (≤5 days)
628,Spain,Madrid,Car,9,1,2114,Hotel,Leisure,Spring,234.88888888888889,Medium Trip (6-10 days)
629,Spain,Seville,Train,7,1,3246,Airbnb,Family Visit,Summer,463.7142857142857,Medium Trip (6-10 days)
630,Greece,Thessaloniki,Train,5,5,3913,Hotel,Business,Fall,782.6,Short Trip (≤5 days)
631,Netherlands,Utrecht,Flight,6,4,3810,Hotel,Business,Summer,635.0,Medium Trip (6-10 days)
632,Germany,Hamburg,Flight,9,2,266,Hotel,Leisure,Winter,29.555555555555557,Medium Trip (6-10 days)
633,Italy,Milan,Flight,13,5,4353,Camping,Family Visit,Winter,334.84615384615387,Long Trip (>10 days)
634,Netherlands,Amsterdam,Flight,4,2,2974,Hostel,Business,Spring,743.5,Short Trip (≤5 days)
635,Austria,Vienna,Bicycle,13,2,2861,Airbnb,Family Visit,Winter,220.07692307692307,Long Trip (>10 days)
636,Italy,Rome,Bus,18,3,2601,Hotel,Family Visit,Fall,144.5,Long Trip (>10 days)
637,Portugal,Lisbon,Bicycle,9,4,3819,Airbnb,Business,Spring,424.3333333333333,Medium Trip (6-10 days)
638,Switzerland,Zurich,Bus,6,5,2534,Hotel,Business,Winter,422.3333333333333,Medium Trip (6-10 days)
639,Spain,Seville,Train,16,1,4606,Hotel,Family Visit,Winter,287.875,Long Trip (>10 days)
640,France,Nice,Bus,17,2,2693,Hostel,Leisure,Fall,158.41176470588235,Long Trip (>10 days)
641,Netherlands,Rotterdam,Flight,17,4,4952,Airbnb,Leisure,Fall,291.29411764705884,Long Trip (>10 days)
642,Italy,Rome,Bicycle,17,4,3919,Hotel,Family Visit,Winter,230.52941176470588,Long Trip (>10 days)
643,Austria,Salzburg,Bus,4,5,4643,Airbnb,Business,Summer,1160.75,Short Trip (≤5 days)
644,Switzerland,Lucerne,Train,20,5,4143,Airbnb,Leisure,Fall,207.15,Long Trip (>10 days)
645,Italy,Venice,Flight,13,1,485,Hotel,Business,Winter,37.30769230769231,Long Trip (>10 days)
646,Spain,Madrid,Flight,7,2,4751,Camping,Business,Summer,678.7142857142857,Medium Trip (6-10 days)
647,Netherlands,Rotterdam,Bus,8,1,1212,Airbnb,Family Visit,Summer,151.5,Medium Trip (6-10 days)
648,Spain,Seville,Bus,17,4,1723,Hotel,Leisure,Winter,101.3529411764706,Long Trip (>10 days)
649,Austria,Salzburg,Flight,3,5,3925,Camping,Leisure,Winter,1308.3333333333333,Short Trip (≤5 days)
650,France,Paris,Bicycle,5,1,1801,Hostel,Business,Spring,360.2,Short Trip (≤5 days)
651,France,Nice,Car,10,5,3017,Camping,Family Visit,Winter,301.7,Medium Trip (6-10 days)
652,Greece,Thessaloniki,Train,10,1,1925,Camping,Business,Winter,192.5,Medium Trip (6-10 days)
653,Switzerland,Geneva,Bus,5,2,4606,Airbnb,Leisure,Winter,921.2,Short Trip (≤5 days)
654,Italy,Milan,Bicycle,7,3,605,Hotel,Leisure,Fall,86.42857142857143,Medium Trip (6-10 days)
655,Greece,Santorini,Bus,12,4,443,Hotel,Business,Spring,36.916666666666664,Long Trip (>10 days)
656,France,Nice,Car,11,4,760,Airbnb,Family Visit,Summer,69.0909090909091,Long Trip (>10 days)
657,Switzerland,Geneva,Flight,11,2,2026,Hostel,Leisure,Summer,184.1818181818182,Long Trip (>10 days)
658,Spain,Barcelona,Bicycle,11,3,4119,Hostel,Family Visit,Spring,374.45454545454544,Long Trip (>10 days)
659,Germany,Hamburg,Train,8,4,272,Hotel,Family Visit,Fall,34.0,Medium Trip (6-10 days)
660,Portugal,Lisbon,Car,16,5,4425,Airbnb,Business,Spring,276.5625,Long Trip (>10 days)
661,Italy,Venice,Bus,4,2,4561,Camping,Leisure,Spring,1140.25,Short Trip (≤5 days)
662,Netherlands,Rotterdam,Train,3,1,4459,Hostel,Leisure,Summer,1486.3333333333333,Short Trip (≤5 days)
663,Netherlands,Amsterdam,Car,15,1,1333,Hostel,Family Visit,Spring,88.86666666666666,Long Trip (>10 days)
664,Austria,Salzburg,Flight,17,5,3146,Hotel,Business,Spring,185.05882352941177,Long Trip (>10 days)
665,Portugal,Lisbon,Train,4,1,1248,Hostel,Business,Winter,312.0,Short Trip (≤5 days)
666,Austria,Salzburg,Bus,14,5,2729,Camping,Leisure,Summer,194.92857142857142,Long Trip (>10 days)
667,UK,Edinburgh,Flight,9,5,1163,Hostel,Leisure,Spring,129.22222222222223,Medium Trip (6-10 days)
668,Portugal,Faro,Car,16,4,4423,Airbnb,Business,Spring,276.4375,Long Trip (>10 days)
669,Portugal,Porto,Bicycle,14,4,3236,Hotel,Leisure,Fall,231.14285714285714,Long Trip (>10 days)
670,Switzerland,Zurich,Car,7,5,4338,Hotel,Family Visit,Winter,619.7142857142857,Medium Trip (6-10 days)
671,Spain,Barcelona,Bus,3,4,2910,Airbnb,Business,Winter,970.0,Short Trip (≤5 days)
672,Italy,Milan,Train,20,3,2153,Hotel,Family Visit,Winter,107.65,Long Trip (>10 days)
673,UK,Edinburgh,Train,11,1,4937,Hotel,Family Visit,Fall,448.8181818181818,Long Trip (>10 days)
674,Switzerland,Geneva,Car,12,2,2150,Airbnb,Business,Winter,179.16666666666666,Long Trip (>10 days)
675,Italy,Rome,Car,16,1,2330,Hostel,Family Visit,Winter,145.625,Long Trip (>10 days)
676,UK,Manchester,Bus,10,3,4444,Camping,Leisure,Summer,444.4,Medium Trip (6-10 days)
677,France,Paris,Train,10,4,4485,Hostel,Business,Spring,448.5,Medium Trip (6-10 days)
678,Italy,Milan,Train,15,3,599,Camping,Leisure,Summer,39.93333333333333,Long Trip (>10 days)
679,Italy,Rome,Train,2,4,1838,Camping,Family Visit,Winter,919.0,Short Trip (≤5 days)
680,Germany,Hamburg,Car,9,1,2348,Camping,Family Visit,Spring,260.8888888888889,Medium Trip (6-10 days)
681,Germany,Hamburg,Bus,8,4,1019,Hostel,Leisure,Spring,127.375,Medium Trip (6-10 days)
682,Spain,Barcelona,Bus,5,4,4717,Airbnb,Leisure,Spring,943.4,Short Trip (≤5 days)
683,Portugal,Faro,Bicycle,8,2,1708,Camping,Leisure,Winter,213.5,Medium Trip (6-10 days)
684,Greece,Athens,Flight,4,3,2339,Hostel,Leisure,Fall,584.75,Short Trip (≤5 days)
685,Greece,Santorini,Train,15,5,2845,Airbnb,Family Visit,Winter,189.66666666666666,Long Trip (>10 days)
686,Austria,Salzburg,Flight,6,2,2493,Hotel,Leisure,Summer,415.5,Medium Trip (6-10 days)
687,UK,London,Flight,7,5,1100,Hotel,Family Visit,Winter,157.14285714285714,Medium Trip (6-10 days)
688,Austria,Vienna,Bicycle,2,5,2209,Camping,Business,Summer,1104.5,Short Trip (≤5 days)
689,Italy,Venice,Train,19,5,2585,Hostel,Family Visit,Summer,136.05263157894737,Long Trip (>10 days)
690,Spain,Madrid,Bus,6,5,871,Camping,Leisure,Fall,145.16666666666666,Medium Trip (6-10 days)
691,Portugal,Lisbon,Bus,5,1,3242,Hostel,Family Visit,Winter,648.4,Short Trip (≤5 days)
692,Switzerland,Zurich,Car,18,4,2642,Hotel,Leisure,Fall,146.77777777777777,Long Trip (>10 days)
693,Italy,Milan,Train,5,2,4919,Camping,Family Visit,Winter,983.8,Short Trip (≤5 days)
694,UK,London,Bicycle,19,3,4004,Hotel,Leisure,Summer,210.73684210526315,Long Trip (>10 days)
695,Switzerland,Zurich,Flight,7,2,2644,Hostel,Family Visit,Summer,377.7142857142857,Medium Trip (6-10 days)
696,Austria,Salzburg,Bicycle,18,1,216,Camping,Family Visit,Summer,12.0,Long Trip (>10 days)
697,Italy,Rome,Bus,10,1,771,Airbnb,Business,Fall,77.1,Medium Trip (6-10 days)
698,Spain,Madrid,Bicycle,17,5,1320,Hotel,Business,Winter,77.6470588235294,Long Trip (>10 days)
699,Italy,Milan,Train,11,2,4097,Hotel,Leisure,Summer,372.45454545454544,Long Trip (>10 days)
700,Austria,Salzburg,Flight,9,5,914,Hotel,Leisure,Fall,101.55555555555556,Medium Trip (6-10 days)
701,Austria,Salzburg,Bus,3,3,2447,Airbnb,Business,Fall,815.6666666666666,Short Trip (≤5 days)
702,Switzerland,Geneva,Train,18,1,4126,Airbnb,Leisure,Spring,229.22222222222223,Long Trip (>10 days)
703,Netherlands,Rotterdam,Bus,14,3,2348,Hostel,Business,Summer,167.71428571428572,Long Trip (>10 days)
704,France,Nice,Flight,9,5,3471,Camping,Family Visit,Winter,385.6666666666667,Medium Trip (6-10 days)
705,Netherlands,Utrecht,Flight,12,1,3706,Hotel,Business,Fall,308.8333333333333,Long Trip (>10 days)
706,France,Nice,Train,4,1,1868,Hotel,Leisure,Winter,467.0,Short Trip (≤5 days)
707,Spain,Seville,Bicycle,9,2,2150,Airbnb,Business,Spring,238.88888888888889,Medium Trip (6-10 days)
708,Greece,Thessaloniki,Bus,15,4,1874,Airbnb,Leisure,Winter,124.93333333333334,Long Trip (>10 days)
709,Netherlands,Amsterdam,Flight,16,3,2746,Camping,Business,Spring,171.625,Long Trip (>10 days)
710,Netherlands,Utrecht,Flight,20,3,2689,Hostel,Business,Fall,134.45,Long Trip (>10 days)
711,Netherlands,Amsterdam,Bicycle,6,5,2237,Camping,Leisure,Fall,372.8333333333333,Medium Trip (6-10 days)
712,Portugal,Porto,Bus,9,2,1773,Hostel,Leisure,Fall,197.0,Medium Trip (6-10 days)
713,Spain,Madrid,Flight,16,4,1446,Hostel,Leisure,Winter,90.375,Long Trip (>10 days)
714,Austria,Innsbruck,Flight,9,1,2576,Camping,Leisure,Spring,286.22222222222223,Medium Trip (6-10 days)
715,Germany,Berlin,Bus,3,2,1162,Airbnb,Business,Summer,387.3333333333333,Short Trip (≤5 days)
716,Portugal,Porto,Bicycle,18,4,1813,Hotel,Leisure,Winter,100.72222222222223,Long Trip (>10 days)
717,Netherlands,Amsterdam,Bus,10,1,4512,Hotel,Family Visit,Fall,451.2,Medium Trip (6-10 days)
718,Greece,Athens,Flight,19,2,2396,Hostel,Leisure,Winter,126.10526315789474,Long Trip (>10 days)
719,Italy,Rome,Bicycle,5,4,969,Hotel,Leisure,Spring,193.8,Short Trip (≤5 days)
720,Spain,Madrid,Bus,14,5,4183,Airbnb,Family Visit,Winter,298.7857142857143,Long Trip (>10 days)
721,Germany,Hamburg,Bus,3,3,721,Hotel,Family Visit,Fall,240.33333333333334,Short Trip (≤5 days)
722,Germany,Hamburg,Bicycle,16,1,1135,Hotel,Leisure,Spring,70.9375,Long Trip (>10 days)
723,Austria,Innsbruck,Bicycle,19,1,4783,Hotel,Leisure,Summer,251.73684210526315,Long Trip (>10 days)
724,Greece,Thessaloniki,Flight,15,4,3897,Hostel,Leisure,Summer,259.8,Long Trip (>10 days)
725,Italy,Milan,Train,13,3,885,Hostel,Business,Fall,68.07692307692308,Long Trip (>10 days)
726,Austria,Salzburg,Car,18,5,4266,Hotel,Leisure,Winter,237.0,Long Trip (>10 days)
727,Germany,Berlin,Car,8,1,1456,Airbnb,Business,Fall,182.0,Medium Trip (6-10 days)
728,Italy,Rome,Flight,16,2,2396,Camping,Business,Spring,149.75,Long Trip (>10 days)
729,Portugal,Porto,Bus,14,5,501,Hotel,Business,Fall,35.785714285714285,Long Trip (>10 days)
730,Austria,Innsbruck,Train,9,4,1959,Airbnb,Family Visit,Spring,217.66666666666666,Medium Trip (6-10 days)
731,Greece,Santorini,Bicycle,12,3,1568,Airbnb,Family Visit,Fall,130.66666666666666,Long Trip (>10 days)
732,Switzerland,Zurich,Flight,14,2,4508,Airbnb,Business,Winter,322.0,Long Trip (>10 days)
733,Spain,Madrid,Car,16,4,482,Hostel,Business,Summer,30.125,Long Trip (>10 days)
734,Greece,Santorini,Flight,19,3,4383,Airbnb,Family Visit,Winter,230.68421052631578,Long Trip (>10 days)
735,Austria,Innsbruck,Bus,13,5,2525,Hotel,Family Visit,Spring,194.23076923076923,Long Trip (>10 days)
736,France,Nice,Bicycle,12,5,1924,Hotel,Business,Spring,160.33333333333334,Long Trip (>10 days)
737,Switzerland,Lucerne,Flight,2,3,902,Hotel,Family Visit,Summer,451.0,Short Trip (≤5 days)
738,Italy,Venice,Flight,20,5,1504,Airbnb,Family Visit,Spring,75.2,Long Trip (>10 days)
739,Greece,Santorini,Bus,6,2,3927,Camping,Family Visit,Spring,654.5,Medium Trip (6-10 days)
740,Spain,Barcelona,Flight,9,1,1484,Hostel,Leisure,Fall,164.88888888888889,Medium Trip (6-10 days)
741,Italy,Milan,Bicycle,4,1,2055,Airbnb,Leisure,Summer,513.75,Short Trip (≤5 days)
742,Greece,Santorini,Bicycle,11,2,3762,Hostel,Business,Spring,342.0,Long Trip (>10 days)
743,Italy,Venice,Bicycle,11,5,4167,Camping,Family Visit,Fall,378.8181818181818,Long Trip (>10 days)
744,UK,Edinburgh,Bus,15,3,1122,Hostel,Family Visit,Summer,74.8,Long Trip (>10 days)
745,France,Paris,Bus,3,1,2359,Hostel,Business,Fall,786.3333333333334,Short Trip (≤5 days)
746,Italy,Venice,Car,14,1,2747,Airbnb,Business,Winter,196.21428571428572,Long Trip (>10 days)
747,Greece,Thessaloniki,Car,5,2,2849,Hotel,Family Visit,Winter,569.8,Short Trip (≤5 days)
748,Greece,Thessaloniki,Car,13,1,1237,Hostel,Business,Spring,95.15384615384616,Long Trip (>10 days)
749,Austria,Vienna,Bicycle,3,5,2834,Hotel,Family Visit,Fall,944.6666666666666,Short Trip (≤5 days)
750,Austria,Innsbruck,Car,17,3,4095,Airbnb,Family Visit,Summer,240.88235294117646,Long Trip (>10 days)
751,Austria,Vienna,Bus,20,5,897,Hostel,Business,Spring,44.85,Long Trip (>10 days)
752,Switzerland,Zurich,Bus,5,5,1243,Hostel,Business,Fall,248.6,Short Trip (≤5 days)
753,Italy,Rome,Train,11,3,2028,Hostel,Family Visit,Spring,184.36363636363637,Long Trip (>10 days)
754,Netherlands,Utrecht,Bus,7,5,2223,Hotel,Family Visit,Winter,317.57142857142856,Medium Trip (6-10 days)
755,Germany,Berlin,Car,8,5,2285,Hostel,Family Visit,Fall,285.625,Medium Trip (6-10 days)
756,France,Paris,Car,15,4,4483,Airbnb,Leisure,Summer,298.8666666666667,Long Trip (>10 days)
757,Switzerland,Geneva,Bicycle,14,4,2520,Airbnb,Family Visit,Spring,180.0,Long Trip (>10 days)
758,Greece,Santorini,Train,8,4,3492,Hostel,Business,Summer,436.5,Medium Trip (6-10 days)
759,France,Paris,Bus,15,3,4631,Hotel,Family Visit,Spring,308.73333333333335,Long Trip (>10 days)
760,Switzerland,Lucerne,Flight,5,2,793,Hostel,Leisure,Fall,158.6,Short Trip (≤5 days)
761,Netherlands,Utrecht,Bus,20,4,4355,Hostel,Family Visit,Summer,217.75,Long Trip (>10 days)
762,Portugal,Faro,Flight,20,1,3590,Hotel,Leisure,Fall,179.5,Long Trip (>10 days)
763,Switzerland,Lucerne,Train,15,3,4701,Hostel,Family Visit,Spring,313.4,Long Trip (>10 days)
764,France,Paris,Flight,14,4,741,Airbnb,Leisure,Fall,52.92857142857143,Long Trip (>10 days)
765,Portugal,Lisbon,Bicycle,7,5,3174,Hotel,Leisure,Fall,453.42857142857144,Medium Trip (6-10 days)
766,Netherlands,Utrecht,Flight,5,3,631,Hostel,Leisure,Fall,126.2,Short Trip (≤5 days)
767,Austria,Innsbruck,Flight,14,4,4478,Camping,Business,Winter,319.85714285714283,Long Trip (>10 days)
768,Switzerland,Zurich,Flight,18,1,1369,Hotel,Leisure,Fall,76.05555555555556,Long Trip (>10 days)
769,Greece,Athens,Flight,18,3,675,Hotel,Leisure,Spring,37.5,Long Trip (>10 days)
770,Switzerland,Geneva,Car,16,3,1219,Airbnb,Business,Spring,76.1875,Long Trip (>10 days)
771,UK,Edinburgh,Train,14,1,2648,Hostel,Family Visit,Winter,189.14285714285714,Long Trip (>10 days)
772,Switzerland,Lucerne,Bicycle,7,4,859,Hotel,Business,Summer,122.71428571428571,Medium Trip (6-10 days)
773,Portugal,Faro,Train,17,3,598,Airbnb,Business,Winter,35.1764705882353,Long Trip (>10 days)
774,Germany,Berlin,Train,7,4,274,Hostel,Family Visit,Fall,39.142857142857146,Medium Trip (6-10 days)
775,Spain,Madrid,Flight,8,1,4897,Camping,Family Visit,Fall,612.125,Medium Trip (6-10 days)
776,Netherlands,Amsterdam,Bus,17,5,699,Camping,Business,Spring,41.11764705882353,Long Trip (>10 days)
777,Germany,Hamburg,Car,11,2,3896,Camping,Leisure,Summer,354.1818181818182,Long Trip (>10 days)
778,Netherlands,Utrecht,Train,14,1,2100,Airbnb,Family Visit,Summer,150.0,Long Trip (>10 days)
779,France,Paris,Bus,20,5,4186,Hotel,Leisure,Spring,209.3,Long Trip (>10 days)
780,Portugal,Faro,Car,11,3,4876,Airbnb,Business,Summer,443.27272727272725,Long Trip (>10 days)
781,Switzerland,Zurich,Flight,6,4,2296,Hostel,Business,Spring,382.6666666666667,Medium Trip (6-10 days)
782,Germany,Berlin,Car,11,5,2603,Camping,Leisure,Spring,236.63636363636363,Long Trip (>10 days)
783,France,Lyon,Bicycle,7,2,3531,Hostel,Business,Summer,504.42857142857144,Medium Trip (6-10 days)
784,Italy,Venice,Flight,8,2,3178,Airbnb,Business,Winter,397.25,Medium Trip (6-10 days)
785,Portugal,Faro,Bicycle,2,1,2859,Camping,Family Visit,Fall,1429.5,Short Trip (≤5 days)
786,Austria,Vienna,Bicycle,7,1,885,Hotel,Leisure,Summer,126.42857142857143,Medium Trip (6-10 days)
787,Italy,Venice,Train,13,4,1819,Airbnb,Business,Winter,139.92307692307693,Long Trip (>10 days)
788,UK,Manchester,Bicycle,5,5,1631,Camping,Leisure,Fall,326.2,Short Trip (≤5 days)
789,France,Lyon,Flight,13,2,2661,Airbnb,Leisure,Winter,204.69230769230768,Long Trip (>10 days)
790,Germany,Hamburg,Car,8,3,2174,Camping,Leisure,Winter,271.75,Medium Trip (6-10 days)
791,Portugal,Porto,Car,15,2,3671,Hotel,Family Visit,Winter,244.73333333333332,Long Trip (>10 days)
792,Austria,Innsbruck,Car,11,1,404,Hostel,Leisure,Fall,36.72727272727273,Long Trip (>10 days)
793,Netherlands,Rotterdam,Flight,7,4,1040,Camping,Leisure,Spring,148.57142857142858,Medium Trip (6-10 days)
794,Netherlands,Utrecht,Bus,14,4,1919,Camping,Leisure,Spring,137.07142857142858,Long Trip (>10 days)
795,Spain,Seville,Train,12,4,2497,Camping,Family Visit,Fall,208.08333333333334,Long Trip (>10 days)
796,Austria,Salzburg,Train,12,1,889,Airbnb,Leisure,Spring,74.08333333333333,Long Trip (>10 days)
797,Germany,Munich,Bicycle,2,3,3341,Hostel,Family Visit,Fall,1670.5,Short Trip (≤5 days)
798,Austria,Salzburg,Train,16,2,871,Airbnb,Business,Fall,54.4375,Long Trip (>10 days)
799,Austria,Salzburg,Bicycle,12,4,3926,Hotel,Business,Fall,327.1666666666667,Long Trip (>10 days)
800,Spain,Seville,Bicycle,17,5,1649,Airbnb,Business,Summer,97.0,Long Trip (>10 days)
801,UK,Manchester,Train,13,1,4460,Hotel,Business,Fall,343.0769230769231,Long Trip (>10 days)
802,Germany,Munich,Car,19,5,3870,Hotel,Family Visit,Summer,203.68421052631578,Long Trip (>10 days)
803,UK,London,Bus,6,1,2138,Hotel,Family Visit,Summer,356.3333333333333,Medium Trip (6-10 days)
804,UK,London,Bicycle,20,1,4679,Hostel,Business,Fall,233.95,Long Trip (>10 days)
805,Germany,Hamburg,Bus,13,1,624,Hostel,Business,Spring,48.0,Long Trip (>10 days)
806,Italy,Rome,Bicycle,2,2,4924,Camping,Family Visit,Summer,2462.0,Short Trip (≤5 days)
807,Portugal,Lisbon,Flight,5,2,797,Camping,Business,Spring,159.4,Short Trip (≤5 days)
808,France,Nice,Bus,2,1,1887,Airbnb,Family Visit,Spring,943.5,Short Trip (≤5 days)
809,Germany,Berlin,Bus,3,4,2290,Camping,Family Visit,Spring,763.3333333333334,Short Trip (≤5 days)
810,Greece,Thessaloniki,Flight,10,1,4824,Camping,Family Visit,Spring,482.4,Medium Trip (6-10 days)
811,Germany,Hamburg,Bus,3,2,3848,Hostel,Leisure,Fall,1282.6666666666667,Short Trip (≤5 days)
812,Italy,Venice,Flight,11,5,3788,Camping,Leisure,Spring,344.3636363636364,Long Trip (>10 days)
813,Portugal,Porto,Flight,3,1,3337,Hotel,Family Visit,Spring,1112.3333333333333,Short Trip (≤5 days)
814,Greece,Athens,Car,11,2,3415,Hotel,Business,Winter,310.45454545454544,Long Trip (>10 days)
815,Greece,Athens,Bicycle,17,3,4932,Airbnb,Business,Winter,290.11764705882354,Long Trip (>10 days)
816,Greece,Santorini,Bicycle,8,4,543,Hostel,Family Visit,Winter,67.875,Medium Trip (6-10 days)
817,Portugal,Porto,Train,16,4,4866,Camping,Business,Summer,304.125,Long Trip (>10 days)
818,France,Paris,Bus,11,3,1927,Camping,Family Visit,Spring,175.1818181818182,Long Trip (>10 days)
819,France,Lyon,Bicycle,20,1,2279,Camping,Business,Fall,113.95,Long Trip (>10 days)
820,Switzerland,Zurich,Bicycle,8,5,4827,Airbnb,Family Visit,Summer,603.375,Medium Trip (6-10 days)
821,UK,Manchester,Bicycle,5,4,2991,Camping,Family Visit,Spring,598.2,Short Trip (≤5 days)
822,France,Nice,Flight,16,4,981,Hotel,Leisure,Fall,61.3125,Long Trip (>10 days)
823,Greece,Thessaloniki,Bicycle,10,2,4067,Camping,Business,Fall,406.7,Medium Trip (6-10 days)
824,Switzerland,Geneva,Train,18,2,4170,Camping,Leisure,Winter,231.66666666666666,Long Trip (>10 days)
825,Netherlands,Utrecht,Car,9,4,1777,Hostel,Leisure,Fall,197.44444444444446,Medium Trip (6-10 days)
826,Germany,Munich,Flight,4,4,2014,Airbnb,Leisure,Winter,503.5,Short Trip (≤5 days)
827,Germany,Munich,Bicycle,19,3,4602,Hotel,Leisure,Winter,242.21052631578948,Long Trip (>10 days)
828,France,Nice,Flight,12,4,3857,Hotel,Family Visit,Summer,321.4166666666667,Long Trip (>10 days)
829,Spain,Madrid,Bus,9,4,675,Hotel,Business,Summer,75.0,Medium Trip (6-10 days)
830,Netherlands,Utrecht,Car,10,4,684,Camping,Business,Fall,68.4,Medium Trip (6-10 days)
831,France,Paris,Bicycle,9,1,4854,Camping,Business,Winter,539.3333333333334,Medium Trip (6-10 days)
832,Spain,Madrid,Bicycle,16,2,4763,Hotel,Business,Spring,297.6875,Long Trip (>10 days)
833,Switzerland,Lucerne,Bicycle,7,4,3022,Airbnb,Business,Winter,431.7142857142857,Medium Trip (6-10 days)
834,Portugal,Porto,Car,17,3,3124,Airbnb,Leisure,Winter,183.76470588235293,Long Trip (>10 days)
835,Greece,Thessaloniki,Bicycle,4,3,2098,Camping,Business,Summer,524.5,Short Trip (≤5 days)
836,Switzerland,Geneva,Flight,9,1,2467,Airbnb,Family Visit,Summer,274.1111111111111,Medium Trip (6-10 days)
837,France,Nice,Train,2,5,887,Camping,Business,Fall,443.5,Short Trip (≤5 days)
838,Austria,Salzburg,Train,12,5,2507,Hostel,Business,Spring,208.91666666666666,Long Trip (>10 days)
839,Germany,Hamburg,Train,7,3,2791,Camping,Business,Winter,398.7142857142857,Medium Trip (6-10 days)
840,France,Nice,Bus,10,4,4158,Camping,Business,Summer,415.8,Medium Trip (6-10 days)
841,Netherlands,Rotterdam,Flight,17,1,774,Airbnb,Leisure,Spring,45.529411764705884,Long Trip (>10 days)
842,Italy,Venice,Bicycle,14,5,3804,Airbnb,Leisure,Spring,271.7142857142857,Long Trip (>10 days)
843,Germany,Hamburg,Flight,14,2,1483,Airbnb,Business,Spring,105.92857142857143,Long Trip (>10 days)
844,Italy,Rome,Bicycle,7,2,1794,Airbnb,Business,Fall,256.2857142857143,Medium Trip (6-10 days)
845,UK,Manchester,Car,6,1,2600,Camping,Family Visit,Winter,433.3333333333333,Medium Trip (6-10 days)
846,Italy,Rome,Car,5,1,2139,Camping,Business,Summer,427.8,Short Trip (≤5 days)
847,Portugal,Porto,Bus,3,2,3269,Hotel,Leisure,Fall,1089.6666666666667,Short Trip (≤5 days)
848,Switzerland,Lucerne,Car,6,3,3747,Hostel,Leisure,Winter,624.5,Medium Trip (6-10 days)
849,UK,London,Car,10,4,3757,Hotel,Family Visit,Summer,375.7,Medium Trip (6-10 days)
850,France,Paris,Car,19,3,3190,Airbnb,Leisure,Winter,167.89473684210526,Long Trip (>10 days)
851,Spain,Madrid,Flight,13,4,2704,Hostel,Business,Summer,208.0,Long Trip (>10 days)
852,Switzerland,Geneva,Flight,3,3,787,Camping,Leisure,Spring,262.3333333333333,Short Trip (≤5 days)
853,Greece,Thessaloniki,Bicycle,17,5,4031,Hostel,Business,Spring,237.11764705882354,Long Trip (>10 days)
854,Germany,Berlin,Car,2,5,1898,Camping,Business,Spring,949.0,Short Trip (≤5 days)
855,Italy,Venice,Flight,3,1,4633,Camping,Leisure,Fall,1544.3333333333333,Short Trip (≤5 days)
856,Spain,Barcelona,Flight,12,1,2526,Camping,Business,Fall,210.5,Long Trip (>10 days)
857,UK,Manchester,Bicycle,17,1,1874,Camping,Family Visit,Winter,110.23529411764706,Long Trip (>10 days)
858,Portugal,Lisbon,Bus,16,3,1130,Airbnb,Business,Summer,70.625,Long Trip (>10 days)
859,Germany,Munich,Car,2,4,3140,Airbnb,Leisure,Spring,1570.0,Short Trip (≤5 days)
860,Germany,Munich,Car,17,2,1289,Hotel,Business,Summer,75.82352941176471,Long Trip (>10 days)
861,Germany,Munich,Flight,4,4,1270,Hotel,Business,Winter,317.5,Short Trip (≤5 days)
862,Switzerland,Zurich,Car,8,1,4419,Hostel,Family Visit,Fall,552.375,Medium Trip (6-10 days)
863,Germany,Berlin,Flight,2,3,641,Airbnb,Family Visit,Summer,320.5,Short Trip (≤5 days)
864,Austria,Innsbruck,Bicycle,16,5,1536,Camping,Business,Summer,96.0,Long Trip (>10 days)
865,Switzerland,Lucerne,Train,15,4,659,Airbnb,Family Visit,Spring,43.93333333333333,Long Trip (>10 days)
866,Austria,Innsbruck,Bus,18,1,4138,Camping,Family Visit,Winter,229.88888888888889,Long Trip (>10 days)
867,Switzerland,Lucerne,Train,14,2,1338,Camping,Leisure,Winter,95.57142857142857,Long Trip (>10 days)
868,Germany,Berlin,Bicycle,2,3,2654,Airbnb,Leisure,Winter,1327.0,Short Trip (≤5 days)
869,Spain,Seville,Flight,3,4,4796,Hostel,Family Visit,Fall,1598.6666666666667,Short Trip (≤5 days)
870,Austria,Salzburg,Train,9,3,4117,Airbnb,Family Visit,Winter,457.44444444444446,Medium Trip (6-10 days)
871,Greece,Athens,Flight,18,1,623,Hotel,Family Visit,Fall,34.611111111111114,Long Trip (>10 days)
872,UK,Manchester,Car,15,2,1950,Airbnb,Family Visit,Spring,130.0,Long Trip (>10 days)
873,Germany,Munich,Bicycle,17,1,4378,Hostel,Leisure,Winter,257.52941176470586,Long Trip (>10 days)
874,France,Paris,Train,15,3,3146,Airbnb,Leisure,Fall,209.73333333333332,Long Trip (>10 days)
875,Portugal,Lisbon,Flight,11,3,2531,Hotel,Family Visit,Fall,230.0909090909091,Long Trip (>10 days)
876,Greece,Thessaloniki,Car,14,1,3010,Hostel,Family Visit,Spring,215.0,Long Trip (>10 days)
877,Germany,Munich,Train,20,4,4693,Airbnb,Business,Spring,234.65,Long Trip (>10 days)
878,France,Paris,Train,7,5,2923,Hostel,Business,Summer,417.57142857142856,Medium Trip (6-10 days)
879,Spain,Barcelona,Flight,9,1,485,Hostel,Business,Fall,53.888888888888886,Medium Trip (6-10 days)
880,Italy,Venice,Bus,10,1,3647,Hostel,Business,Winter,364.7,Medium Trip (6-10 days)
881,France,Lyon,Car,15,3,1962,Camping,Business,Winter,130.8,Long Trip (>10 days)
882,UK,Manchester,Car,10,3,2581,Hostel,Leisure,Winter,258.1,Medium Trip (6-10 days)
883,Portugal,Faro,Car,10,4,267,Camping,Family Visit,Winter,26.7,Medium Trip (6-10 days)
884,Netherlands,Rotterdam,Flight,9,2,4208,Hostel,Business,Spring,467.55555555555554,Medium Trip (6-10 days)
885,Switzerland,Zurich,Train,17,5,1285,Hostel,Business,Fall,75.58823529411765,Long Trip (>10 days)
886,Switzerland,Lucerne,Bus,18,4,978,Hotel,Business,Spring,54.333333333333336,Long Trip (>10 days)
887,France,Lyon,Bicycle,15,2,1692,Camping,Leisure,Fall,112.8,Long Trip (>10 days)
888,Portugal,Lisbon,Flight,6,4,4140,Airbnb,Leisure,Fall,690.0,Medium Trip (6-10 days)
889,Spain,Barcelona,Bus,4,4,2244,Hostel,Business,Winter,561.0,Short Trip (≤5 days)
890,Italy,Venice,Car,10,5,1258,Hotel,Leisure,Summer,125.8,Medium Trip (6-10 days)
891,Austria,Salzburg,Flight,18,2,927,Camping,Family Visit,Fall,51.5,Long Trip (>10 days)
892,UK,Manchester,Flight,2,5,542,Hotel,Business,Winter,271.0,Short Trip (≤5 days)
893,Germany,Hamburg,Bicycle,16,4,3859,Hotel,Leisure,Winter,241.1875,Long Trip (>10 days)
894,Italy,Venice,Car,15,1,4954,Camping,Family Visit,Spring,330.26666666666665,Long Trip (>10 days)
895,Spain,Barcelona,Bicycle,9,5,1773,Camping,Business,Summer,197.0,Medium Trip (6-10 days)
896,Portugal,Faro,Car,20,4,2046,Airbnb,Family Visit,Fall,102.3,Long Trip (>10 days)
897,Spain,Barcelona,Bus,8,4,971,Airbnb,Business,Summer,121.375,Medium Trip (6-10 days)
898,Spain,Seville,Train,13,5,778,Camping,Business,Summer,59.84615384615385,Long Trip (>10 days)
899,Netherlands,Utrecht,Bicycle,13,2,2207,Hostel,Family Visit,Summer,169.76923076923077,Long Trip (>10 days)
900,Austria,Vienna,Flight,3,3,3198,Camping,Family Visit,Fall,1066.0,Short Trip (≤5 days)
901,UK,London,Bicycle,10,1,1310,Hotel,Business,Summer,131.0,Medium Trip (6-10 days)
902,Switzerland,Lucerne,Bicycle,7,1,3993,Hostel,Business,Summer,570.4285714285714,Medium Trip (6-10 days)
903,UK,London,Bicycle,18,5,4557,Airbnb,Business,Spring,253.16666666666666,Long Trip (>10 days)
904,UK,Edinburgh,Train,9,3,3651,Airbnb,Family Visit,Spring,405.6666666666667,Medium Trip (6-10 days)
905,Switzerland,Lucerne,Flight,11,1,4736,Hotel,Business,Summer,430.54545454545456,Long Trip (>10 days)
906,Italy,Venice,Car,14,1,341,Camping,Leisure,Spring,24.357142857142858,Long Trip (>10 days)
907,Spain,Seville,Flight,4,5,4996,Airbnb,Leisure,Winter,1249.0,Short Trip (≤5 days)
908,Italy,Rome,Flight,7,1,1525,Hotel,Family Visit,Fall,217.85714285714286,Medium Trip (6-10 days)
909,Portugal,Faro,Car,18,3,4699,Hotel,Family Visit,Fall,261.05555555555554,Long Trip (>10 days)
910,Switzerland,Geneva,Bicycle,2,2,540,Airbnb,Leisure,Fall,270.0,Short Trip (≤5 days)
911,Netherlands,Amsterdam,Car,18,2,2629,Hostel,Business,Winter,146.05555555555554,Long Trip (>10 days)
912,Portugal,Lisbon,Train,10,1,4848,Airbnb,Leisure,Winter,484.8,Medium Trip (6-10 days)
913,Greece,Santorini,Train,18,5,3066,Hostel,Family Visit,Summer,170.33333333333334,Long Trip (>10 days)
914,Germany,Berlin,Flight,8,1,4692,Hotel,Leisure,Summer,586.5,Medium Trip (6-10 days)
915,Netherlands,Amsterdam,Flight,12,3,1556,Airbnb,Leisure,Summer,129.66666666666666,Long Trip (>10 days)
916,Austria,Innsbruck,Flight,15,5,4296,Airbnb,Family Visit,Winter,286.4,Long Trip (>10 days)
917,Portugal,Porto,Flight,9,4,218,Airbnb,Leisure,Winter,24.22222222222222,Medium Trip (6-10 days)
918,Greece,Santorini,Train,13,5,1332,Hotel,Family Visit,Spring,102.46153846153847,Long Trip (>10 days)
919,Portugal,Faro,Bicycle,13,5,3511,Airbnb,Family Visit,Summer,270.0769230769231,Long Trip (>10 days)
920,Austria,Vienna,Flight,2,5,1187,Airbnb,Business,Winter,593.5,Short Trip (≤5 days)
921,Greece,Santorini,Flight,6,1,373,Camping,Leisure,Spring,62.166666666666664,Medium Trip (6-10 days)
922,Germany,Hamburg,Bus,14,1,2075,Camping,Leisure,Spring,148.21428571428572,Long Trip (>10 days)
923,Netherlands,Amsterdam,Flight,19,2,4233,Hotel,Family Visit,Fall,222.78947368421052,Long Trip (>10 days)
924,UK,London,Bus,5,1,2886,Hostel,Family Visit,Winter,577.2,Short Trip (≤5 days)
925,UK,London,Bus,5,2,1974,Airbnb,Family Visit,Summer,394.8,Short Trip (≤5 days)
926,Spain,Seville,Bicycle,9,4,4008,Camping,Business,Fall,445.3333333333333,Medium Trip (6-10 days)
927,France,Lyon,Train,13,2,2902,Hotel,Leisure,Fall,223.23076923076923,Long Trip (>10 days)
928,Italy,Rome,Bicycle,10,2,4068,Hotel,Leisure,Summer,406.8,Medium Trip (6-10 days)
929,Austria,Salzburg,Bicycle,10,2,2697,Airbnb,Leisure,Fall,269.7,Medium Trip (6-10 days)
930,Austria,Salzburg,Bus,20,3,2196,Camping,Business,Summer,109.8,Long Trip (>10 days)
931,Netherlands,Utrecht,Bus,11,2,4858,Airbnb,Business,Winter,441.6363636363636,Long Trip (>10 days)
932,France,Lyon,Bicycle,10,1,970,Camping,Family Visit,Summer,97.0,Medium Trip (6-10 days)
933,Portugal,Lisbon,Car,7,3,4924,Airbnb,Leisure,Winter,703.4285714285714,Medium Trip (6-10 days)
934,Portugal,Lisbon,Bus,3,5,586,Airbnb,Leisure,Winter,195.33333333333334,Short Trip (≤5 days)
935,Germany,Hamburg,Flight,17,2,4208,Airbnb,Family Visit,Winter,247.52941176470588,Long Trip (>10 days)
936,Italy,Rome,Car,13,3,2482,Hostel,Leisure,Winter,190.92307692307693,Long Trip (>10 days)
937,Italy,Rome,Train,2,5,2198,Hotel,Family Visit,Winter,1099.0,Short Trip (≤5 days)
938,Austria,Vienna,Train,6,5,4869,Hostel,Family Visit,Fall,811.5,Medium Trip (6-10 days)
939,Greece,Thessaloniki,Car,18,1,1631,Hotel,Family Visit,Fall,90.61111111111111,Long Trip (>10 days)
940,Austria,Salzburg,Bus,7,4,2524,Hotel,Family Visit,Summer,360.57142857142856,Medium Trip (6-10 days)
941,Portugal,Faro,Bus,12,2,2858,Hostel,Leisure,Winter,238.16666666666666,Long Trip (>10 days)
942,Greece,Athens,Train,14,1,4220,Camping,Business,Fall,301.42857142857144,Long Trip (>10 days)
943,Switzerland,Geneva,Bus,7,2,3459,Hotel,Family Visit,Fall,494.14285714285717,Medium Trip (6-10 days)
944,Switzerland,Zurich,Bicycle,13,2,2023,Hotel,Family Visit,Winter,155.6153846153846,Long Trip (>10 days)
945,Switzerland,Geneva,Bicycle,4,3,3443,Hostel,Leisure,Winter,860.75,Short Trip (≤5 days)
946,Germany,Munich,Car,16,1,3334,Hostel,Family Visit,Summer,208.375,Long Trip (>10 days)
947,Austria,Vienna,Flight,9,3,2241,Hotel,Business,Winter,249.0,Medium Trip (6-10 days)
948,Switzerland,Lucerne,Bus,5,4,4200,Hotel,Leisure,Spring,840.0,Short Trip (≤5 days)
949,Switzerland,Lucerne,Bicycle,8,2,3180,Camping,Family Visit,Summer,397.5,Medium Trip (6-10 days)
950,Greece,Santorini,Bus,8,4,1791,Airbnb,Business,Winter,223.875,Medium Trip (6-10 days)
951,Switzerland,Geneva,Bus,2,1,2806,Airbnb,Business,Fall,1403.0,Short Trip (≤5 days)
952,Spain,Madrid,Flight,20,5,3473,Camping,Leisure,Fall,173.65,Long Trip (>10 days)
953,Austria,Vienna,Bicycle,19,4,1642,Airbnb,Family Visit,Winter,86.42105263157895,Long Trip (>10 days)
954,Netherlands,Rotterdam,Bus,12,3,4421,Hostel,Family Visit,Spring,368.4166666666667,Long Trip (>10 days)
955,UK,Manchester,Car,12,1,3128,Camping,Business,Spring,260.6666666666667,Long Trip (>10 days)
956,Germany,Hamburg,Bus,7,5,1129,Airbnb,Business,Fall,161.28571428571428,Medium Trip (6-10 days)
957,Portugal,Faro,Flight,17,4,1663,Hostel,Business,Summer,97.82352941176471,Long Trip (>10 days)
958,Portugal,Porto,Flight,13,1,1254,Camping,Business,Winter,96.46153846153847,Long Trip (>10 days)
959,Portugal,Porto,Car,5,1,2100,Hotel,Family Visit,Spring,420.0,Short Trip (≤5 days)
960,Portugal,Lisbon,Flight,19,5,1599,Camping,Leisure,Spring,84.15789473684211,Long Trip (>10 days)
961,France,Lyon,Train,4,3,4852,Camping,Business,Spring,1213.0,Short Trip (≤5 days)
962,Germany,Berlin,Flight,5,2,1378,Airbnb,Family Visit,Fall,275.6,Short Trip (≤5 days)
963,Spain,Barcelona,Flight,15,3,1457,Camping,Family Visit,Fall,97.13333333333334,Long Trip (>10 days)
964,France,Lyon,Flight,20,2,2509,Hostel,Leisure,Fall,125.45,Long Trip (>10 days)
965,Greece,Athens,Bus,16,5,4837,Camping,Leisure,Spring,302.3125,Long Trip (>10 days)
966,France,Nice,Flight,11,5,2369,Hotel,Family Visit,Winter,215.36363636363637,Long Trip (>10 days)
967,Switzerland,Lucerne,Flight,6,2,323,Hostel,Leisure,Fall,53.833333333333336,Medium Trip (6-10 days)
968,Greece,Santorini,Flight,6,3,3358,Hostel,Family Visit,Summer,559.6666666666666,Medium Trip (6-10 days)
969,Spain,Seville,Flight,7,4,985,Hotel,Family Visit,Spring,140.71428571428572,Medium Trip (6-10 days)
970,Portugal,Lisbon,Bicycle,10,1,996,Hostel,Leisure,Winter,99.6,Medium Trip (6-10 days)
971,Greece,Santorini,Car,14,3,2136,Airbnb,Business,Winter,152.57142857142858,Long Trip (>10 days)
972,UK,London,Bicycle,14,4,3340,Airbnb,Leisure,Spring,238.57142857142858,Long Trip (>10 days)
973,Germany,Munich,Car,6,1,2552,Airbnb,Business,Summer,425.3333333333333,Medium Trip (6-10 days)
974,Austria,Vienna,Bus,14,2,564,Hotel,Family Visit,Winter,40.285714285714285,Long Trip (>10 days)
975,Austria,Salzburg,Train,20,3,1577,Hostel,Family Visit,Fall,78.85,Long Trip (>10 days)
976,Spain,Barcelona,Flight,14,3,540,Airbnb,Leisure,Summer,38.57142857142857,Long Trip (>10 days)
977,Italy,Milan,Flight,15,4,1756,Airbnb,Family Visit,Winter,117.06666666666666,Long Trip (>10 days)
978,Netherlands,Rotterdam,Car,13,3,558,Camping,Business,Summer,42.92307692307692,Long Trip (>10 days)
979,Italy,Milan,Flight,5,3,3656,Camping,Leisure,Summer,731.2,Short Trip (≤5 days)
980,Greece,Athens,Bicycle,4,5,1334,Hotel,Family Visit,Fall,333.5,Short Trip (≤5 days)
981,Italy,Venice,Bicycle,3,3,3370,Airbnb,Business,Summer,1123.3333333333333,Short Trip (≤5 days)
982,Germany,Berlin,Car,19,1,3935,Hotel,Family Visit,Winter,207.10526315789474,Long Trip (>10 days)
983,Germany,Berlin,Bicycle,20,5,1198,Airbnb,Family Visit,Fall,59.9,Long Trip (>10 days)
984,Italy,Rome,Flight,9,4,856,Airbnb,Family Visit,Spring,95.11111111111111,Medium Trip (6-10 days)
985,Spain,Barcelona,Car,6,4,2109,Hostel,Family Visit,Winter,351.5,Medium Trip (6-10 days)
986,Spain,Madrid,Bicycle,20,3,1340,Airbnb,Family Visit,Summer,67.0,Long Trip (>10 days)
987,Portugal,Porto,Car,3,3,2045,Camping,Business,Spring,681.6666666666666,Short Trip (≤5 days)
988,Spain,Seville,Flight,14,4,2493,Hotel,Business,Spring,178.07142857142858,Long Trip (>10 days)
989,UK,London,Car,12,4,1176,Hostel,Leisure,Winter,98.0,Long Trip (>10 days)
990,Portugal,Lisbon,Bicycle,10,2,1082,Camping,Business,Winter,108.2,Medium Trip (6-10 days)
991,Germany,Munich,Train,20,2,2867,Camping,Leisure,Spring,143.35,Long Trip (>10 days)
992,Austria,Innsbruck,Bus,13,4,4877,Camping,Family Visit,Winter,375.15384615384613,Long Trip (>10 days)
993,Portugal,Faro,Train,5,3,3688,Hotel,Leisure,Summer,737.6,Short Trip (≤5 days)
994,Austria,Salzburg,Bicycle,16,3,4999,Hotel,Business,Fall,312.4375,Long Trip (>10 days)
995,UK,Edinburgh,Bus,20,2,3736,Hotel,Business,Summer,186.8,Long Trip (>10 days)
996,France,Lyon,Bus,20,5,4002,Hotel,Business,Fall,200.1,Long Trip (>10 days)
997,Switzerland,Geneva,Bus,19,4,2170,Airbnb,Family Visit,Fall,114.21052631578948,Long Trip (>10 days)
998,Austria,Vienna,Car,16,4,1102,Hotel,Leisure,Fall,68.875,Long Trip (>10 days)
999,UK,Manchester,Flight,14,3,3319,Hotel,Business,Summer,237.07142857142858,Long Trip (>10 days)
1000,Austria,Salzburg,Train,10,4,2584,Hostel,Family Visit,Spring,258.4,Medium Trip (6-10 days)
